-- phpMyAdmin SQL Dump
-- version 4.2.7.1
-- http://www.phpmyadmin.net
--
-- Host: 127.0.0.1
-- Generation Time: Apr 05, 2016 at 09:11 AM
-- Server version: 5.5.39
-- PHP Version: 5.4.31

SET SQL_MODE = "NO_AUTO_VALUE_ON_ZERO";
SET time_zone = "+00:00";


/*!40101 SET @OLD_CHARACTER_SET_CLIENT=@@CHARACTER_SET_CLIENT */;
/*!40101 SET @OLD_CHARACTER_SET_RESULTS=@@CHARACTER_SET_RESULTS */;
/*!40101 SET @OLD_COLLATION_CONNECTION=@@COLLATION_CONNECTION */;
/*!40101 SET NAMES utf8 */;

--
-- Database: `upvedacms_v3`
--

-- --------------------------------------------------------

--
-- Table structure for table `ci_sessions`
--

CREATE TABLE IF NOT EXISTS `ci_sessions` (
  `id` varchar(40) NOT NULL,
  `ip_address` varchar(45) NOT NULL,
  `timestamp` int(10) unsigned NOT NULL DEFAULT '0',
  `data` blob NOT NULL
) ENGINE=InnoDB DEFAULT CHARSET=latin1;

--
-- Dumping data for table `ci_sessions`
--

INSERT INTO `ci_sessions` (`id`, `ip_address`, `timestamp`, `data`) VALUES
('00f7e1c0e632b3fd3038566db76e8b652cb8d6e0', '::1', 1459327636, 0x5f5f63695f6c6173745f726567656e65726174657c693a313435393332373631333b7065726d697373696f6e7c4e3b7065725f706167657c733a323a223130223b6c6f676765645f696e7c623a313b757365725f69647c733a313a2231223b67726f75705f69647c733a313a2231223b6f7065726174696f6e7c733a32343a22496e736572746564205375636365737366756c6c79212121223b5f5f63695f766172737c613a313a7b733a393a226f7065726174696f6e223b733a333a226f6c64223b7d),
('01aac64c09fec02540abc68c8c7e47ee64b47efd', '127.0.0.1', 1458715970, 0x5f5f63695f6c6173745f726567656e65726174657c693a313435383731353736383b6c6f676765645f696e7c623a313b757365725f69647c733a313a2231223b67726f75705f69647c733a313a2231223b7065726d697373696f6e7c4e3b7065725f706167657c733a323a223130223b),
('02d89164433e2c8153436592aa9cd6b98817c57f', '127.0.0.1', 1458816768, 0x5f5f63695f6c6173745f726567656e65726174657c693a313435383831363532343b7065726d697373696f6e7c4e3b7065725f706167657c733a323a223130223b6c6f676765645f696e7c623a313b757365725f69647c733a313a2231223b67726f75705f69647c733a313a2231223b),
('04ed7c28873128c261af76ba64578a73486cdbab', '127.0.0.1', 1459249551, 0x5f5f63695f6c6173745f726567656e65726174657c693a313435393234393238333b7065726d697373696f6e7c4e3b7065725f706167657c733a323a223130223b6c6f676765645f696e7c623a313b757365725f69647c733a313a2231223b67726f75705f69647c733a313a2231223b),
('052b6433cadc957ce4bc2f658617ba90936daf43', '127.0.0.1', 1459418713, 0x5f5f63695f6c6173745f726567656e65726174657c693a313435393431383439323b7065726d697373696f6e7c4e3b7065725f706167657c733a323a223130223b6c6f676765645f696e7c623a313b757365725f69647c733a313a2231223b67726f75705f69647c733a313a2231223b),
('054ac9aeb4ee51344378d1b2094b431b9c6b9073', '127.0.0.1', 1457953875, 0x5f5f63695f6c6173745f726567656e65726174657c693a313435373935333537383b7065726d697373696f6e7c4e3b6c6f676765645f696e7c623a313b757365725f69647c733a313a2231223b67726f75705f69647c733a313a2231223b),
('07faa96dc05b731f0b06e448fb62c190f420b450', '127.0.0.1', 1459413816, 0x5f5f63695f6c6173745f726567656e65726174657c693a313435393431333734313b7065726d697373696f6e7c4e3b7065725f706167657c733a323a223130223b6c6f676765645f696e7c623a313b757365725f69647c733a313a2231223b67726f75705f69647c733a313a2231223b),
('0aa4931046af9ce43d903e32c3562f8a83c85b3a', '127.0.0.1', 1458728758, 0x5f5f63695f6c6173745f726567656e65726174657c693a313435383732383535383b7065726d697373696f6e7c4e3b7065725f706167657c733a323a223130223b6c6f676765645f696e7c623a313b757365725f69647c733a313a2231223b67726f75705f69647c733a313a2231223b),
('0afc692d5f84d6c4504b0da6159f1e5997755a0e', '127.0.0.1', 1459754348, 0x5f5f63695f6c6173745f726567656e65726174657c693a313435393735343239343b6c6f676765645f696e7c623a313b757365725f69647c733a313a2231223b67726f75705f69647c733a313a2231223b7065726d697373696f6e7c4e3b),
('0b897ee127488e044b2fe3d2f603bcafb87bc3b7', '127.0.0.1', 1459243216, 0x5f5f63695f6c6173745f726567656e65726174657c693a313435393234323939373b7065726d697373696f6e7c4e3b7065725f706167657c733a323a223130223b6c6f676765645f696e7c623a313b757365725f69647c733a313a2231223b67726f75705f69647c733a313a2231223b),
('0c76fd597e63a306b49bc3372898851310ca2380', '127.0.0.1', 1458123564, 0x5f5f63695f6c6173745f726567656e65726174657c693a313435383132333237393b7065726d697373696f6e7c4e3b6c6f676765645f696e7c623a313b757365725f69647c733a313a2231223b67726f75705f69647c733a313a2231223b7065725f706167657c733a323a223235223b),
('0c7f56c00b1a76b336e5b68dd2352634dfbcd119', '127.0.0.1', 1459323469, 0x5f5f63695f6c6173745f726567656e65726174657c693a313435393332333436393b7065726d697373696f6e7c4e3b7065725f706167657c733a323a223130223b6c6f676765645f696e7c623a313b757365725f69647c733a313a2231223b67726f75705f69647c733a313a2231223b),
('0e47cdeede20b6e59c0a8b6e45295c7c8eb05de6', '127.0.0.1', 1458550664, 0x5f5f63695f6c6173745f726567656e65726174657c693a313435383535303636303b6c6f676765645f696e7c623a313b757365725f69647c733a313a2231223b67726f75705f69647c733a313a2231223b7065726d697373696f6e7c4e3b7065725f706167657c733a323a223130223b),
('10afec398d608153fe7f913ccbd5f911f52513e1', '127.0.0.1', 1459753163, 0x5f5f63695f6c6173745f726567656e65726174657c693a313435393735323836383b6c6f676765645f696e7c623a313b757365725f69647c733a313a2231223b67726f75705f69647c733a313a2231223b7065726d697373696f6e7c4e3b),
('12e5919e6b2404c327fbf7a555bffdb6b1291ce9', '127.0.0.1', 1458892663, 0x5f5f63695f6c6173745f726567656e65726174657c693a313435383839323434383b7065726d697373696f6e7c4e3b7065725f706167657c733a323a223130223b6c6f676765645f696e7c623a313b757365725f69647c733a313a2231223b67726f75705f69647c733a313a2231223b),
('13a77a14b9a2dfd7f5c9b83c62b028e9422369a4', '127.0.0.1', 1458809106, 0x5f5f63695f6c6173745f726567656e65726174657c693a313435383830383938393b7065726d697373696f6e7c4e3b7065725f706167657c733a323a223130223b6c6f676765645f696e7c623a313b757365725f69647c733a313a2231223b67726f75705f69647c733a313a2231223b),
('144ef798c27e4b920cd6aa7d2d00d175fba588f0', '127.0.0.1', 1459246470, 0x5f5f63695f6c6173745f726567656e65726174657c693a313435393234363232343b7065726d697373696f6e7c4e3b7065725f706167657c733a323a223130223b6c6f676765645f696e7c623a313b757365725f69647c733a313a2231223b67726f75705f69647c733a313a2231223b),
('1568305f9627d14ae7a68ad8a9b98d375e885dde', '127.0.0.1', 1458542690, 0x5f5f63695f6c6173745f726567656e65726174657c693a313435383534323634343b6c6f676765645f696e7c623a313b757365725f69647c733a313a2231223b67726f75705f69647c733a313a2231223b7065726d697373696f6e7c4e3b7065725f706167657c733a323a223130223b),
('15b5877ff688f4126eb34d405699ca2821652859', '127.0.0.1', 1458200361, 0x5f5f63695f6c6173745f726567656e65726174657c693a313435383230303033383b6c6f676765645f696e7c623a313b757365725f69647c733a313a2231223b67726f75705f69647c733a313a2231223b7065726d697373696f6e7c4e3b7065725f706167657c733a313a2233223b),
('182b20e2e25870ad9c2343e7362daa99c63ed161', '127.0.0.1', 1458550488, 0x5f5f63695f6c6173745f726567656e65726174657c693a313435383535303333333b6c6f676765645f696e7c623a313b757365725f69647c733a313a2231223b67726f75705f69647c733a313a2231223b7065726d697373696f6e7c4e3b7065725f706167657c733a323a223130223b),
('18a3c6a315babd03d59ae5c1f130d9c23834c082', '127.0.0.1', 1458552709, 0x5f5f63695f6c6173745f726567656e65726174657c693a313435383535323730363b6c6f676765645f696e7c623a313b757365725f69647c733a313a2231223b67726f75705f69647c733a313a2231223b7065726d697373696f6e7c4e3b7065725f706167657c733a323a223130223b),
('195ba062c1e7ab8cd41902490bb65c1fbb5bd39e', '127.0.0.1', 1458724122, 0x5f5f63695f6c6173745f726567656e65726174657c693a313435383732343132323b),
('1b62089a1214dc4ddb665afbdc4ad9d197e93032', '127.0.0.1', 1459248050, 0x5f5f63695f6c6173745f726567656e65726174657c693a313435393234363939363b7065726d697373696f6e7c4e3b7065725f706167657c733a323a223130223b6c6f676765645f696e7c623a313b757365725f69647c733a313a2231223b67726f75705f69647c733a313a2231223b),
('1d1ea87f1abb898f95a89ef830a20d42d912a0c9', '127.0.0.1', 1459166558, 0x5f5f63695f6c6173745f726567656e65726174657c693a313435393136363535383b7065726d697373696f6e7c4e3b7065725f706167657c733a323a223130223b6c6f676765645f696e7c623a313b757365725f69647c733a313a2231223b67726f75705f69647c733a313a2231223b),
('1fd8ca1eb1c17e0612965e9fc342c9e499b54748', '127.0.0.1', 1459756524, 0x5f5f63695f6c6173745f726567656e65726174657c693a313435393735363230303b6c6f676765645f696e7c623a313b757365725f69647c733a313a2231223b67726f75705f69647c733a313a2231223b7065726d697373696f6e7c4e3b),
('207219ea793380718be212c3d30c6be286d58519', '127.0.0.1', 1458213798, 0x5f5f63695f6c6173745f726567656e65726174657c693a313435383231333639383b7065726d697373696f6e7c4e3b6c6f676765645f696e7c623a313b757365725f69647c733a313a2231223b67726f75705f69647c733a313a2231223b7065725f706167657c733a323a223130223b),
('2139d5c581400f6b9d28038b0e404c33aa595595', '127.0.0.1', 1458031287, 0x5f5f63695f6c6173745f726567656e65726174657c693a313435383033303938393b7065726d697373696f6e7c4e3b6c6f676765645f696e7c623a313b757365725f69647c733a313a2231223b67726f75705f69647c733a313a2231223b),
('21869fd36bc14a26251d9e1e32b89119d29bdeff', '127.0.0.1', 1458891336, 0x5f5f63695f6c6173745f726567656e65726174657c693a313435383839313333363b6c6f676765645f696e7c623a313b757365725f69647c733a313a2231223b67726f75705f69647c733a313a2231223b7065726d697373696f6e7c4e3b),
('22fc88bb1886a3d76b18d82e873c50cc60247025', '127.0.0.1', 1459243998, 0x5f5f63695f6c6173745f726567656e65726174657c693a313435393234333737353b7065726d697373696f6e7c4e3b7065725f706167657c733a323a223130223b6c6f676765645f696e7c623a313b757365725f69647c733a313a2231223b67726f75705f69647c733a313a2231223b),
('23055eedc1a4a0cf0bf5905d4835e1114742dcc7', '127.0.0.1', 1458801958, 0x5f5f63695f6c6173745f726567656e65726174657c693a313435383830313831353b6c6f676765645f696e7c623a313b757365725f69647c733a313a2231223b67726f75705f69647c733a313a2231223b7065726d697373696f6e7c4e3b),
('2374f00f5f757daaf359eb060ae8f72378c41aea', '127.0.0.1', 1459752843, 0x5f5f63695f6c6173745f726567656e65726174657c693a313435393735323535373b6c6f676765645f696e7c623a313b757365725f69647c733a313a2231223b67726f75705f69647c733a313a2231223b7065726d697373696f6e7c4e3b),
('2397b63d45b62dc012a7c99d0d4861538975cd55', '127.0.0.1', 1458115888, 0x5f5f63695f6c6173745f726567656e65726174657c693a313435383131353538363b7065726d697373696f6e7c4e3b6c6f676765645f696e7c623a313b757365725f69647c733a313a2231223b67726f75705f69647c733a313a2231223b7065725f706167657c733a313a2235223b),
('239f801ee06d7c7d67aedfaddd1502897523e5e6', '127.0.0.1', 1458210501, 0x5f5f63695f6c6173745f726567656e65726174657c693a313435383231303135343b6c6f676765645f696e7c623a313b757365725f69647c733a313a2231223b67726f75705f69647c733a313a2231223b7065726d697373696f6e7c4e3b7065725f706167657c733a323a223130223b),
('248d19609d8f30caaafb97d415b01579123f43b8', '127.0.0.1', 1458034838, 0x5f5f63695f6c6173745f726567656e65726174657c693a313435383033343833343b7065726d697373696f6e7c4e3b6c6f676765645f696e7c623a313b757365725f69647c733a313a2231223b67726f75705f69647c733a313a2231223b),
('2707a5b935b252fb6207a844a6c02ac3d8633459', '127.0.0.1', 1458717109, 0x5f5f63695f6c6173745f726567656e65726174657c693a313435383731363937393b6c6f676765645f696e7c623a313b757365725f69647c733a313a2231223b67726f75705f69647c733a313a2231223b7065726d697373696f6e7c4e3b7065725f706167657c733a323a223130223b),
('27d3ec094c9a940e5623dff9d95855756c8464c7', '127.0.0.1', 1458033481, 0x5f5f63695f6c6173745f726567656e65726174657c693a313435383033333334343b7065726d697373696f6e7c4e3b6c6f676765645f696e7c623a313b757365725f69647c733a313a2231223b67726f75705f69647c733a313a2231223b),
('28545f6e38ae4720020326cd0d054437c51b3535', '127.0.0.1', 1458810771, 0x5f5f63695f6c6173745f726567656e65726174657c693a313435383831303537323b7065726d697373696f6e7c4e3b7065725f706167657c733a323a223130223b6c6f676765645f696e7c623a313b757365725f69647c733a313a2231223b67726f75705f69647c733a313a2231223b),
('28cf046103a5d27bf4b382a4bf21c9add769874a', '127.0.0.1', 1459249765, 0x5f5f63695f6c6173745f726567656e65726174657c693a313435393234393632303b7065726d697373696f6e7c4e3b7065725f706167657c733a323a223130223b6c6f676765645f696e7c623a313b757365725f69647c733a313a2231223b67726f75705f69647c733a313a2231223b),
('2c51b9283bb8b11babc28d5899a33281e98ae8af', '127.0.0.1', 1458897505, 0x5f5f63695f6c6173745f726567656e65726174657c693a313435383839373232393b7065726d697373696f6e7c4e3b7065725f706167657c733a323a223130223b6c6f676765645f696e7c623a313b757365725f69647c733a313a2231223b67726f75705f69647c733a313a2231223b),
('2c6a41fc9efd903d7e171d973170d114b00cbf4b', '127.0.0.1', 1458032199, 0x5f5f63695f6c6173745f726567656e65726174657c693a313435383033313939383b7065726d697373696f6e7c4e3b6c6f676765645f696e7c623a313b757365725f69647c733a313a2231223b67726f75705f69647c733a313a2231223b),
('2d68ea58cf55dfb361e5c9e1eda4aac5d1d2f80a', '127.0.0.1', 1459419324, 0x5f5f63695f6c6173745f726567656e65726174657c693a313435393431393134323b7065726d697373696f6e7c4e3b7065725f706167657c733a323a223130223b6c6f676765645f696e7c623a313b757365725f69647c733a313a2231223b67726f75705f69647c733a313a2231223b),
('31965c6ca0a07bacb399e395eed32638cc3c1a80', '127.0.0.1', 1458203128, 0x5f5f63695f6c6173745f726567656e65726174657c693a313435383230323833313b6c6f676765645f696e7c623a313b757365725f69647c733a313a2231223b67726f75705f69647c733a313a2231223b7065726d697373696f6e7c4e3b7065725f706167657c733a313a2233223b),
('327b7c32ec958039eb01533467cefa0fe5111e37', '127.0.0.1', 1459753663, 0x5f5f63695f6c6173745f726567656e65726174657c693a313435393735333534353b6c6f676765645f696e7c623a313b757365725f69647c733a313a2231223b67726f75705f69647c733a313a2231223b7065726d697373696f6e7c4e3b),
('36a5d92e050c0dae6e103fb0c66344fbf96ee1e8', '127.0.0.1', 1458812546, 0x5f5f63695f6c6173745f726567656e65726174657c693a313435383831323437303b7065726d697373696f6e7c4e3b7065725f706167657c733a323a223130223b6c6f676765645f696e7c623a313b757365725f69647c733a313a2231223b67726f75705f69647c733a313a2231223b),
('373d8b2b3d55e61607c29db7a45a291d9985cb1e', '127.0.0.1', 1458714753, 0x5f5f63695f6c6173745f726567656e65726174657c693a313435383731343636323b6c6f676765645f696e7c623a313b757365725f69647c733a313a2231223b67726f75705f69647c733a313a2231223b7065726d697373696f6e7c4e3b7065725f706167657c733a323a223130223b),
('375d2b3c63209a79ec66ecdd0fbcdc635919fabb', '127.0.0.1', 1458125472, 0x5f5f63695f6c6173745f726567656e65726174657c693a313435383132353332393b7065726d697373696f6e7c4e3b6c6f676765645f696e7c623a313b757365725f69647c733a313a2231223b67726f75705f69647c733a313a2231223b7065725f706167657c733a323a223235223b),
('377f8e0d07419f51d5b777033de3ef110f2a127e', '127.0.0.1', 1458211901, 0x5f5f63695f6c6173745f726567656e65726174657c693a313435383231313630333b7065726d697373696f6e7c4e3b6c6f676765645f696e7c623a313b757365725f69647c733a313a2231223b67726f75705f69647c733a313a2231223b7065725f706167657c733a323a223130223b),
('38c4794ba4213d9abc1b7df996c2246bbb579447', '127.0.0.1', 1459420361, 0x5f5f63695f6c6173745f726567656e65726174657c693a313435393432303333323b7065726d697373696f6e7c4e3b7065725f706167657c733a323a223130223b6c6f676765645f696e7c623a313b757365725f69647c733a313a2231223b67726f75705f69647c733a313a2231223b),
('39562fd567ed996dbec6701bd06036dfb192f568', '127.0.0.1', 1458729500, 0x5f5f63695f6c6173745f726567656e65726174657c693a313435383732393530303b7065726d697373696f6e7c4e3b7065725f706167657c733a323a223130223b6c6f676765645f696e7c623a313b757365725f69647c733a313a2231223b67726f75705f69647c733a313a2231223b),
('3aab73fe0edcfc9c9b418704bf0a34f8574a7008', '127.0.0.1', 1458028740, 0x5f5f63695f6c6173745f726567656e65726174657c693a313435383032383634333b7065726d697373696f6e7c4e3b6c6f676765645f696e7c623a313b757365725f69647c733a313a2231223b67726f75705f69647c733a313a2231223b),
('3cbcc1c5f58a2c04a49c999dab13b203325a2816', '127.0.0.1', 1458208837, 0x5f5f63695f6c6173745f726567656e65726174657c693a313435383230383637393b6c6f676765645f696e7c623a313b757365725f69647c733a313a2231223b67726f75705f69647c733a313a2231223b7065726d697373696f6e7c4e3b7065725f706167657c733a313a2233223b),
('3cbce8e11cc6a7b0d6e251b49547f034cf4b9540', '127.0.0.1', 1458789128, 0x5f5f63695f6c6173745f726567656e65726174657c693a313435383738393130333b6c6f676765645f696e7c623a313b757365725f69647c733a313a2231223b67726f75705f69647c733a313a2231223b7065726d697373696f6e7c4e3b),
('3d29388eef6e08fab79e54e6f59a125e67a97f47', '127.0.0.1', 1458811211, 0x5f5f63695f6c6173745f726567656e65726174657c693a313435383831313030373b7065726d697373696f6e7c4e3b7065725f706167657c733a323a223130223b6c6f676765645f696e7c623a313b757365725f69647c733a313a2231223b67726f75705f69647c733a313a2231223b),
('3dc341e25d6a16db51543b8562d962c8fade1911', '127.0.0.1', 1458544208, 0x5f5f63695f6c6173745f726567656e65726174657c693a313435383534333934323b6c6f676765645f696e7c623a313b757365725f69647c733a313a2231223b67726f75705f69647c733a313a2231223b7065726d697373696f6e7c4e3b7065725f706167657c733a323a223130223b),
('42e3f91e7278226d25ee33934a80ef26bf9b267d', '127.0.0.1', 1458199231, 0x5f5f63695f6c6173745f726567656e65726174657c693a313435383139383937373b6c6f676765645f696e7c623a313b757365725f69647c733a313a2231223b67726f75705f69647c733a313a2231223b7065726d697373696f6e7c4e3b7065725f706167657c733a313a2233223b),
('459089bd0b51a3d6c8c43da8f92bd44576a8a522', '::1', 1457941241, 0x5f5f63695f6c6173745f726567656e65726174657c693a313435373934313134393b7065726d697373696f6e7c4e3b6c6f676765645f696e7c623a313b757365725f69647c733a313a2231223b67726f75705f69647c733a313a2231223b),
('45b0d408aacdb497193eada38ad5f5bb1ea43652', '::1', 1459764655, 0x5f5f63695f6c6173745f726567656e65726174657c693a313435393736343434383b6c6f676765645f696e7c623a313b757365725f69647c733a313a2231223b67726f75705f69647c733a313a2231223b7065726d697373696f6e7c4e3b),
('460f56bcc1b1e0f10022213467f256539e55133a', '127.0.0.1', 1459421694, 0x5f5f63695f6c6173745f726567656e65726174657c693a313435393432313338363b7065726d697373696f6e7c4e3b7065725f706167657c733a323a223130223b6c6f676765645f696e7c623a313b757365725f69647c733a313a2231223b67726f75705f69647c733a313a2231223b),
('4648a057ca9902b3ba989a0cc9f3701bb800e84e', '127.0.0.1', 1458027743, 0x5f5f63695f6c6173745f726567656e65726174657c693a313435383032373535383b7065726d697373696f6e7c4e3b6c6f676765645f696e7c623a313b757365725f69647c733a313a2231223b67726f75705f69647c733a313a2231223b),
('46636d197db2ab88c9e3795c5c3444153493f5af', '127.0.0.1', 1459160679, 0x5f5f63695f6c6173745f726567656e65726174657c693a313435393136303637383b7065726d697373696f6e7c4e3b7065725f706167657c733a323a223130223b6c6f676765645f696e7c623a313b757365725f69647c733a313a2231223b67726f75705f69647c733a313a2231223b),
('47085078efb0be67c61e305c42ea6c341c629bfe', '127.0.0.1', 1458727298, 0x5f5f63695f6c6173745f726567656e65726174657c693a313435383732373232313b7065726d697373696f6e7c4e3b7065725f706167657c733a323a223130223b6c6f676765645f696e7c623a313b757365725f69647c733a313a2231223b67726f75705f69647c733a313a2231223b),
('48b9e279d90f434703c8b6c94169ecc2a3490a05', '127.0.0.1', 1458123894, 0x5f5f63695f6c6173745f726567656e65726174657c693a313435383132333630323b7065726d697373696f6e7c4e3b6c6f676765645f696e7c623a313b757365725f69647c733a313a2231223b67726f75705f69647c733a313a2231223b7065725f706167657c733a323a223235223b),
('49ad4b9db4ffb909d8a364d810184552e4b6d32e', '127.0.0.1', 1459424909, 0x5f5f63695f6c6173745f726567656e65726174657c693a313435393432343631383b7065726d697373696f6e7c4e3b7065725f706167657c733a323a223130223b6c6f676765645f696e7c623a313b757365725f69647c733a313a2231223b67726f75705f69647c733a313a2231223b),
('49e4780898c8290be4356c1af0137b84b4d9ac0c', '::1', 1459762767, 0x5f5f63695f6c6173745f726567656e65726174657c693a313435393736323634393b6c6f676765645f696e7c623a313b757365725f69647c733a313a2231223b67726f75705f69647c733a313a2231223b7065726d697373696f6e7c4e3b),
('4abcfe777b3ff92cb05d6448507394d9c386245f', '127.0.0.1', 1459421344, 0x5f5f63695f6c6173745f726567656e65726174657c693a313435393432313034313b7065726d697373696f6e7c4e3b7065725f706167657c733a323a223130223b6c6f676765645f696e7c623a313b757365725f69647c733a313a2231223b67726f75705f69647c733a313a2231223b),
('4b7f5544aecdd6c350dc7fdaa13f917497bf306a', '127.0.0.1', 1458544877, 0x5f5f63695f6c6173745f726567656e65726174657c693a313435383534343539373b6c6f676765645f696e7c623a313b757365725f69647c733a313a2231223b67726f75705f69647c733a313a2231223b7065726d697373696f6e7c4e3b7065725f706167657c733a323a223130223b),
('4e230d4bb9348d37cbb238b9b205a032911fb505', '127.0.0.1', 1458110005, 0x5f5f63695f6c6173745f726567656e65726174657c693a313435383130393735333b6c6f676765645f696e7c623a313b757365725f69647c733a313a2231223b67726f75705f69647c733a313a2231223b7065726d697373696f6e7c4e3b),
('4f2b03676d8319df5273269357c79f69923b1c3f', '127.0.0.1', 1459250070, 0x5f5f63695f6c6173745f726567656e65726174657c693a313435393235303037303b7065726d697373696f6e7c4e3b7065725f706167657c733a323a223130223b6c6f676765645f696e7c623a313b757365725f69647c733a313a2231223b67726f75705f69647c733a313a2231223b),
('50487313e465ea786af0dfab61ba3fb84857cacf', '127.0.0.1', 1458899863, 0x5f5f63695f6c6173745f726567656e65726174657c693a313435383839393734373b7065726d697373696f6e7c4e3b7065725f706167657c733a323a223130223b6c6f676765645f696e7c623a313b757365725f69647c733a313a2231223b67726f75705f69647c733a313a2231223b),
('505211084506bbf67bcdfd2d69b72967a390bdcf', '127.0.0.1', 1458714270, 0x5f5f63695f6c6173745f726567656e65726174657c693a313435383731343234393b6c6f676765645f696e7c623a313b757365725f69647c733a313a2231223b67726f75705f69647c733a313a2231223b7065726d697373696f6e7c4e3b7065725f706167657c733a323a223130223b),
('5144eb3bc8824ce125c1741b74e5133c6abaec99', '127.0.0.1', 1459413235, 0x5f5f63695f6c6173745f726567656e65726174657c693a313435393431333233353b7065726d697373696f6e7c4e3b7065725f706167657c733a323a223130223b6c6f676765645f696e7c623a313b757365725f69647c733a313a2231223b67726f75705f69647c733a313a2231223b),
('524aa5f3dee0b62dcae6e8144258dd0a2c2ab30d', '127.0.0.1', 1458201616, 0x5f5f63695f6c6173745f726567656e65726174657c693a313435383230313538353b6c6f676765645f696e7c623a313b757365725f69647c733a313a2231223b67726f75705f69647c733a313a2231223b7065726d697373696f6e7c4e3b7065725f706167657c733a313a2233223b),
('52f8f84406929ebbea6bf392ef84fc2c04e55bb2', '127.0.0.1', 1458814657, 0x5f5f63695f6c6173745f726567656e65726174657c693a313435383831343336333b7065726d697373696f6e7c4e3b7065725f706167657c733a323a223130223b6c6f676765645f696e7c623a313b757365725f69647c733a313a2231223b67726f75705f69647c733a313a2231223b),
('53fc0c08ce0cf03d10bd06f30de82b245f709c25', '127.0.0.1', 1458896243, 0x5f5f63695f6c6173745f726567656e65726174657c693a313435383839363031353b7065726d697373696f6e7c4e3b7065725f706167657c733a323a223130223b6c6f676765645f696e7c623a313b757365725f69647c733a313a2231223b67726f75705f69647c733a313a2231223b),
('54aa8462ca0e639ada5384002f841cf5992f7e69', '127.0.0.1', 1458720613, 0x5f5f63695f6c6173745f726567656e65726174657c693a313435383732303630323b),
('552bf5e21915f40a60ef98aaa1a871b8ed97375d', '127.0.0.1', 1458032574, 0x5f5f63695f6c6173745f726567656e65726174657c693a313435383033323335323b7065726d697373696f6e7c4e3b6c6f676765645f696e7c623a313b757365725f69647c733a313a2231223b67726f75705f69647c733a313a2231223b),
('554430ce5dc9d11a42b9f958be4777802fd3b263', '127.0.0.1', 1458116797, 0x5f5f63695f6c6173745f726567656e65726174657c693a313435383131363530393b7065726d697373696f6e7c4e3b6c6f676765645f696e7c623a313b757365725f69647c733a313a2231223b67726f75705f69647c733a313a2231223b7065725f706167657c733a313a2235223b),
('555682473506ee921430333cd35e23e77200608c', '127.0.0.1', 1458200955, 0x5f5f63695f6c6173745f726567656e65726174657c693a313435383230303732363b6c6f676765645f696e7c623a313b757365725f69647c733a313a2231223b67726f75705f69647c733a313a2231223b7065726d697373696f6e7c4e3b7065725f706167657c733a313a2233223b),
('55878634f601878f1b0a3e02106b3913b2de1c8c', '127.0.0.1', 1458819363, 0x5f5f63695f6c6173745f726567656e65726174657c693a313435383831393130393b7065726d697373696f6e7c4e3b7065725f706167657c733a323a223130223b6c6f676765645f696e7c623a313b757365725f69647c733a313a2231223b67726f75705f69647c733a313a2231223b),
('5616b378ea94ab37b4e2fb624100339a0570e2a9', '127.0.0.1', 1459756634, 0x5f5f63695f6c6173745f726567656e65726174657c693a313435393735363633343b6c6f676765645f696e7c623a313b757365725f69647c733a313a2231223b67726f75705f69647c733a313a2231223b7065726d697373696f6e7c4e3b),
('565fc55c9f65ed9085102d16404513e900027a15', '127.0.0.1', 1458210751, 0x5f5f63695f6c6173745f726567656e65726174657c693a313435383231303530303b7065726d697373696f6e7c4e3b6c6f676765645f696e7c623a313b757365725f69647c733a313a2231223b67726f75705f69647c733a313a2231223b7065725f706167657c733a323a223130223b),
('5667129cbc82898ba73c2e5d31674480ee14c84b', '127.0.0.1', 1459755443, 0x5f5f63695f6c6173745f726567656e65726174657c693a313435393735353136393b6c6f676765645f696e7c623a313b757365725f69647c733a313a2231223b67726f75705f69647c733a313a2231223b7065726d697373696f6e7c4e3b),
('5832adf80fe3a2f4e223a8c3b1907a8db9274896', '127.0.0.1', 1458554743, 0x5f5f63695f6c6173745f726567656e65726174657c693a313435383535343537393b6c6f676765645f696e7c623a313b757365725f69647c733a313a2231223b67726f75705f69647c733a313a2231223b7065726d697373696f6e7c4e3b7065725f706167657c733a323a223130223b),
('588d7bfc8156325033057099d241bcf972c621b2', '127.0.0.1', 1458811612, 0x5f5f63695f6c6173745f726567656e65726174657c693a313435383831313331363b7065726d697373696f6e7c4e3b7065725f706167657c733a323a223130223b6c6f676765645f696e7c623a313b757365725f69647c733a313a2231223b67726f75705f69647c733a313a2231223b),
('5943e8a40c31ef267b4731489c2aef5a355577a8', '127.0.0.1', 1459423797, 0x5f5f63695f6c6173745f726567656e65726174657c693a313435393432333536323b7065726d697373696f6e7c4e3b7065725f706167657c733a323a223130223b6c6f676765645f696e7c623a313b757365725f69647c733a313a2231223b67726f75705f69647c733a313a2231223b),
('59eb179a9cd8ef1cc21ba3705a541bd69edd400a', '127.0.0.1', 1459415110, 0x5f5f63695f6c6173745f726567656e65726174657c693a313435393431343837303b7065726d697373696f6e7c4e3b7065725f706167657c733a323a223130223b6c6f676765645f696e7c623a313b757365725f69647c733a313a2231223b67726f75705f69647c733a313a2231223b),
('5a4482bdab343999635b24a8341d701dd1f7c1c9', '127.0.0.1', 1459754145, 0x5f5f63695f6c6173745f726567656e65726174657c693a313435393735333937353b6c6f676765645f696e7c623a313b757365725f69647c733a313a2231223b67726f75705f69647c733a313a2231223b7065726d697373696f6e7c4e3b),
('5a544a639b48f0af33892479a08fa4878f39be54', '127.0.0.1', 1458715215, 0x5f5f63695f6c6173745f726567656e65726174657c693a313435383731353033333b6c6f676765645f696e7c623a313b757365725f69647c733a313a2231223b67726f75705f69647c733a313a2231223b7065726d697373696f6e7c4e3b7065725f706167657c733a323a223130223b),
('5ae7b30debbcac2e33c9d56116fcf2f5488776cd', '127.0.0.1', 1458203377, 0x5f5f63695f6c6173745f726567656e65726174657c693a313435383230333234353b6c6f676765645f696e7c623a313b757365725f69647c733a313a2231223b67726f75705f69647c733a313a2231223b7065726d697373696f6e7c4e3b7065725f706167657c733a313a2233223b),
('5bc93319d09077c01a03192348d516156efa10a0', '127.0.0.1', 1458115517, 0x5f5f63695f6c6173745f726567656e65726174657c693a313435383131353235393b7065726d697373696f6e7c4e3b6c6f676765645f696e7c623a313b757365725f69647c733a313a2231223b67726f75705f69647c733a313a2231223b7065725f706167657c733a323a223235223b),
('5cc8bd5ed492d328df0c3b275bfef3471ffe4cfa', '127.0.0.1', 1458113144, 0x5f5f63695f6c6173745f726567656e65726174657c693a313435383131323835373b7065726d697373696f6e7c4e3b6c6f676765645f696e7c623a313b757365725f69647c733a313a2231223b67726f75705f69647c733a313a2231223b7065725f706167657c733a313a2235223b),
('5d4234e3a5ea5c102dafa54e72c13194239b4dc3', '127.0.0.1', 1458207880, 0x5f5f63695f6c6173745f726567656e65726174657c693a313435383230373837373b6c6f676765645f696e7c623a313b757365725f69647c733a313a2231223b67726f75705f69647c733a313a2231223b7065726d697373696f6e7c4e3b7065725f706167657c733a313a2233223b),
('5dea7d7d4c2d6e6bf35f3fdd157c760b3178bec3', '127.0.0.1', 1457954006, 0x5f5f63695f6c6173745f726567656e65726174657c693a313435373935333937303b6c6f676765645f696e7c623a313b757365725f69647c733a313a2231223b67726f75705f69647c733a313a2231223b7065726d697373696f6e7c4e3b),
('5e0201fa2522870dac834f394e8dbd950b2abec6', '127.0.0.1', 1458115022, 0x5f5f63695f6c6173745f726567656e65726174657c693a313435383131343839303b7065726d697373696f6e7c4e3b6c6f676765645f696e7c623a313b757365725f69647c733a313a2231223b67726f75705f69647c733a313a2231223b7065725f706167657c733a323a223130223b),
('5e0ed1eb5f741d5a8be55450c22183368902e6cb', '127.0.0.1', 1459245718, 0x5f5f63695f6c6173745f726567656e65726174657c693a313435393234353731383b7065726d697373696f6e7c4e3b7065725f706167657c733a323a223130223b6c6f676765645f696e7c623a313b757365725f69647c733a313a2231223b67726f75705f69647c733a313a2231223b),
('5e72bfc72ef320539f749df78314e1c9f3eea8d8', '127.0.0.1', 1458721386, 0x5f5f63695f6c6173745f726567656e65726174657c693a313435383732313338363b7065726d697373696f6e7c4e3b7065725f706167657c733a323a223130223b6c6f676765645f696e7c623a313b757365725f69647c733a313a2231223b67726f75705f69647c733a313a2231223b),
('602eb5f78e17fab33a1e052ffc3b6e8e3e6bf55a', '127.0.0.1', 1458198013, 0x5f5f63695f6c6173745f726567656e65726174657c693a313435383139373936353b6c6f676765645f696e7c623a313b757365725f69647c733a313a2231223b67726f75705f69647c733a313a2231223b7065726d697373696f6e7c4e3b7065725f706167657c733a313a2233223b),
('626beaf3a9042e6831b80e8a3926c38025c813c6', '127.0.0.1', 1458128984, 0x5f5f63695f6c6173745f726567656e65726174657c693a313435383132373433313b6c6f676765645f696e7c623a313b757365725f69647c733a313a2231223b67726f75705f69647c733a313a2231223b7065726d697373696f6e7c4e3b7065725f706167657c733a313a2233223b),
('627dcb3ae435993c50bdf1c91fb1e88cae6d013c', '::1', 1459329092, 0x5f5f63695f6c6173745f726567656e65726174657c693a313435393332393037343b7065726d697373696f6e7c4e3b7065725f706167657c733a323a223130223b6c6f676765645f696e7c623a313b757365725f69647c733a313a2231223b67726f75705f69647c733a313a2231223b6f7065726174696f6e7c733a36373a2244656c65746564205375636365737366756c6c79212121204174746163686d656e742077617320616c736f2064656c65746564207375636365737366756c6c79212121223b5f5f63695f766172737c613a313a7b733a393a226f7065726174696f6e223b733a333a226f6c64223b7d),
('62ca966da8bb07ed9ff35fcf15368c46fb10de69', '127.0.0.1', 1459416672, 0x5f5f63695f6c6173745f726567656e65726174657c693a313435393431363534323b7065726d697373696f6e7c4e3b7065725f706167657c733a323a223130223b6c6f676765645f696e7c623a313b757365725f69647c733a313a2231223b67726f75705f69647c733a313a2231223b),
('6309ca9f16fc24753bc192ffd1b30cc5a92f33bb', '127.0.0.1', 1458815265, 0x5f5f63695f6c6173745f726567656e65726174657c693a313435383831353031363b7065726d697373696f6e7c4e3b7065725f706167657c733a323a223130223b6c6f676765645f696e7c623a313b757365725f69647c733a313a2231223b67726f75705f69647c733a313a2231223b),
('63226544ecb274fb5417e3b4fb0b2cb6dd38979c', '127.0.0.1', 1458887644, 0x5f5f63695f6c6173745f726567656e65726174657c693a313435383838373633333b6c6f676765645f696e7c623a313b757365725f69647c733a313a2231223b67726f75705f69647c733a313a2231223b7065726d697373696f6e7c4e3b),
('64da9f802085b14dc3b5377f27775c44a6f20a73', '::1', 1459763972, 0x5f5f63695f6c6173745f726567656e65726174657c693a313435393736333731363b6c6f676765645f696e7c623a313b757365725f69647c733a313a2231223b67726f75705f69647c733a313a2231223b7065726d697373696f6e7c4e3b),
('687b83765c20330918c1ceba41f38fe07b4ecc6b', '127.0.0.1', 1458715740, 0x5f5f63695f6c6173745f726567656e65726174657c693a313435383731353436323b6c6f676765645f696e7c623a313b757365725f69647c733a313a2231223b67726f75705f69647c733a313a2231223b7065726d697373696f6e7c4e3b7065725f706167657c733a323a223130223b),
('6a6e706ad91b40c100834210bc30270ad54c9687', '127.0.0.1', 1459425442, 0x5f5f63695f6c6173745f726567656e65726174657c693a313435393432353135323b7065726d697373696f6e7c4e3b7065725f706167657c733a323a223130223b6c6f676765645f696e7c623a313b757365725f69647c733a313a2231223b67726f75705f69647c733a313a2231223b),
('6af95cac1d8ee1b3b8957081b6eaf4bc9142838e', '::1', 1459329995, 0x5f5f63695f6c6173745f726567656e65726174657c693a313435393332393639383b7065726d697373696f6e7c4e3b7065725f706167657c733a323a223130223b6c6f676765645f696e7c623a313b757365725f69647c733a313a2231223b67726f75705f69647c733a313a2231223b),
('6b5ea66d78ba10db962fb4b52f454422c6d33df9', '::1', 1459328990, 0x5f5f63695f6c6173745f726567656e65726174657c693a313435393332383734353b7065726d697373696f6e7c4e3b7065725f706167657c733a323a223130223b6c6f676765645f696e7c623a313b757365725f69647c733a313a2231223b67726f75705f69647c733a313a2231223b),
('6d8838e83ad7d25bcbb7268259fce22b3957e579', '127.0.0.1', 1458544944, 0x5f5f63695f6c6173745f726567656e65726174657c693a313435383534343932343b6c6f676765645f696e7c623a313b757365725f69647c733a313a2231223b67726f75705f69647c733a313a2231223b7065726d697373696f6e7c4e3b7065725f706167657c733a323a223130223b),
('6f29f45e370b14685aaa3840bba23ebecece90ce', '127.0.0.1', 1459248477, 0x5f5f63695f6c6173745f726567656e65726174657c693a313435393234383039343b7065726d697373696f6e7c4e3b7065725f706167657c733a323a223130223b6c6f676765645f696e7c623a313b757365725f69647c733a313a2231223b67726f75705f69647c733a313a2231223b),
('6fb361d6f97408be764a5942eb2848ac3887b0ed', '127.0.0.1', 1458110781, 0x5f5f63695f6c6173745f726567656e65726174657c693a313435383131303736363b6c6f676765645f696e7c623a313b757365725f69647c733a313a2231223b67726f75705f69647c733a313a2231223b7065726d697373696f6e7c4e3b7065725f706167657c733a313a2235223b),
('6fe2d76ff12fef92848573a2591a3122b164203c', '127.0.0.1', 1458813872, 0x5f5f63695f6c6173745f726567656e65726174657c693a313435383831333637373b7065726d697373696f6e7c4e3b7065725f706167657c733a323a223130223b6c6f676765645f696e7c623a313b757365725f69647c733a313a2231223b67726f75705f69647c733a313a2231223b),
('7228a49d1e0b07e92ebc5a3f05f0f5676f4c8756', '127.0.0.1', 1458116881, 0x5f5f63695f6c6173745f726567656e65726174657c693a313435383131363831303b7065726d697373696f6e7c4e3b6c6f676765645f696e7c623a313b757365725f69647c733a313a2231223b67726f75705f69647c733a313a2231223b7065725f706167657c733a323a223235223b),
('723d7e65474d21dc105cc6e871c962f1749497e7', '127.0.0.1', 1459245268, 0x5f5f63695f6c6173745f726567656e65726174657c693a313435393234343938383b7065726d697373696f6e7c4e3b7065725f706167657c733a323a223130223b6c6f676765645f696e7c623a313b757365725f69647c733a313a2231223b67726f75705f69647c733a313a2231223b),
('73f958d9ec94cbc24a205f951082f325777ab53d', '127.0.0.1', 1459757322, 0x5f5f63695f6c6173745f726567656e65726174657c693a313435393735373033363b6c6f676765645f696e7c623a313b757365725f69647c733a313a2231223b67726f75705f69647c733a313a2231223b7065726d697373696f6e7c4e3b),
('745abfd2c620ffaacc702f6c3cbb52114b1c5c67', '127.0.0.1', 1458127415, 0x5f5f63695f6c6173745f726567656e65726174657c693a313435383132363638363b6c6f676765645f696e7c623a313b757365725f69647c733a313a2231223b67726f75705f69647c733a313a2231223b7065726d697373696f6e7c4e3b7065725f706167657c733a313a2233223b),
('74a17a50266f9bf37575e680d5482809b99bcb99', '::1', 1459328146, 0x5f5f63695f6c6173745f726567656e65726174657c693a313435393332373938373b7065726d697373696f6e7c4e3b7065725f706167657c733a323a223130223b6c6f676765645f696e7c623a313b757365725f69647c733a313a2231223b67726f75705f69647c733a313a2231223b6f7065726174696f6e7c733a32343a22496e736572746564205375636365737366756c6c79212121223b5f5f63695f766172737c613a313a7b733a393a226f7065726174696f6e223b733a333a226f6c64223b7d),
('74f1afeb96c9b3ee45f880aeba98c59014be4fc9', '127.0.0.1', 1458729078, 0x5f5f63695f6c6173745f726567656e65726174657c693a313435383732383837363b7065726d697373696f6e7c4e3b7065725f706167657c733a323a223130223b6c6f676765645f696e7c623a313b757365725f69647c733a313a2231223b67726f75705f69647c733a313a2231223b),
('7696a6b0f400ba659da8335eae551c65d776c497', '127.0.0.1', 1458125981, 0x5f5f63695f6c6173745f726567656e65726174657c693a313435383132353738373b6c6f676765645f696e7c623a313b757365725f69647c733a313a2231223b67726f75705f69647c733a313a2231223b7065726d697373696f6e7c4e3b7065725f706167657c733a313a2233223b),
('77951a7845982ce01b6b80d6ccbb780799c00554', '127.0.0.1', 1458129501, 0x5f5f63695f6c6173745f726567656e65726174657c693a313435383132383938383b6c6f676765645f696e7c623a313b757365725f69647c733a313a2231223b67726f75705f69647c733a313a2231223b7065726d697373696f6e7c4e3b7065725f706167657c733a313a2233223b),
('789ba05d808581540e975195fa4603835fdb604e', '127.0.0.1', 1459244834, 0x5f5f63695f6c6173745f726567656e65726174657c693a313435393234343636303b7065726d697373696f6e7c4e3b7065725f706167657c733a323a223130223b6c6f676765645f696e7c623a313b757365725f69647c733a313a2231223b67726f75705f69647c733a313a2231223b),
('7bc57382fcfdfd4597143db96dfd1981c5ed69ce', '127.0.0.1', 1459415671, 0x5f5f63695f6c6173745f726567656e65726174657c693a313435393431353636303b7065726d697373696f6e7c4e3b7065725f706167657c733a323a223130223b6c6f676765645f696e7c623a313b757365725f69647c733a313a2231223b67726f75705f69647c733a313a2231223b),
('7bccdeae525837cfd9297003c707e96464855b28', '127.0.0.1', 1459236331, 0x5f5f63695f6c6173745f726567656e65726174657c693a313435393233363333303b7065726d697373696f6e7c4e3b7065725f706167657c733a323a223130223b6c6f676765645f696e7c623a313b757365725f69647c733a313a2231223b67726f75705f69647c733a313a2231223b),
('7bd28d32783a1e393ced9c7a56ea5a104162be7f', '127.0.0.1', 1458126213, 0x5f5f63695f6c6173745f726567656e65726174657c693a313435383132363130363b6c6f676765645f696e7c623a313b757365725f69647c733a313a2231223b67726f75705f69647c733a313a2231223b7065726d697373696f6e7c4e3b7065725f706167657c733a313a2233223b),
('7d7a24ad02144c78a92c0137f24028c440503775', '127.0.0.1', 1458549987, 0x5f5f63695f6c6173745f726567656e65726174657c693a313435383534393938373b6c6f676765645f696e7c623a313b757365725f69647c733a313a2231223b67726f75705f69647c733a313a2231223b7065726d697373696f6e7c4e3b7065725f706167657c733a323a223130223b),
('7df77d9631d809ae17d8696e0b71e46b38c0b06e', '127.0.0.1', 1458211957, 0x5f5f63695f6c6173745f726567656e65726174657c693a313435383231313933373b7065726d697373696f6e7c4e3b6c6f676765645f696e7c623a313b757365725f69647c733a313a2231223b67726f75705f69647c733a313a2231223b7065725f706167657c733a323a223130223b),
('7e9f2a310a5d32aaba1064d3384b36a0e9281c33', '127.0.0.1', 1458198599, 0x5f5f63695f6c6173745f726567656e65726174657c693a313435383139383330333b6c6f676765645f696e7c623a313b757365725f69647c733a313a2231223b67726f75705f69647c733a313a2231223b7065726d697373696f6e7c4e3b7065725f706167657c733a313a2233223b),
('7ee6497b0626b899293950d5e1418692c12aa9e1', '127.0.0.1', 1459421894, 0x5f5f63695f6c6173745f726567656e65726174657c693a313435393432313835363b7065726d697373696f6e7c4e3b7065725f706167657c733a323a223130223b6c6f676765645f696e7c623a313b757365725f69647c733a313a2231223b67726f75705f69647c733a313a2231223b),
('7fa27eed17e045a6b04d4c54c71c4b3bc4375d49', '127.0.0.1', 1458112694, 0x5f5f63695f6c6173745f726567656e65726174657c693a313435383131323530303b7065726d697373696f6e7c4e3b6c6f676765645f696e7c623a313b757365725f69647c733a313a2231223b67726f75705f69647c733a313a2231223b7065725f706167657c733a313a2235223b),
('8195f785019df8f4ea50e4ef2ea7385ed74e161b', '::1', 1457941912, 0x5f5f63695f6c6173745f726567656e65726174657c693a313435373934313930383b7065726d697373696f6e7c4e3b6c6f676765645f696e7c623a313b757365725f69647c733a313a2231223b67726f75705f69647c733a313a2231223b),
('81b0ead55cc177e3235f080aff47d20dda137a5e', '127.0.0.1', 1458729480, 0x5f5f63695f6c6173745f726567656e65726174657c693a313435383732393138313b7065726d697373696f6e7c4e3b7065725f706167657c733a323a223130223b6c6f676765645f696e7c623a313b757365725f69647c733a313a2231223b67726f75705f69647c733a313a2231223b),
('81e694bc59abf17f098ad626f85a4e9e6d4295f6', '127.0.0.1', 1458817903, 0x5f5f63695f6c6173745f726567656e65726174657c693a313435383831373630373b7065726d697373696f6e7c4e3b7065725f706167657c733a323a223130223b6c6f676765645f696e7c623a313b757365725f69647c733a313a2231223b67726f75705f69647c733a313a2231223b),
('82866768dcf6a1c41e6f977ee03086fa4303aac5', '::1', 1459327210, 0x5f5f63695f6c6173745f726567656e65726174657c693a313435393332363931303b7065726d697373696f6e7c4e3b7065725f706167657c733a323a223130223b6c6f676765645f696e7c623a313b757365725f69647c733a313a2231223b67726f75705f69647c733a313a2231223b),
('82e848ec2ef3e5a35632d54050beeb6c2d329e1b', '127.0.0.1', 1458896541, 0x5f5f63695f6c6173745f726567656e65726174657c693a313435383839363334383b7065726d697373696f6e7c4e3b7065725f706167657c733a323a223130223b6c6f676765645f696e7c623a313b757365725f69647c733a313a2231223b67726f75705f69647c733a313a2231223b),
('833f900c8551ab29a54951ca7da81f355ff86545', '127.0.0.1', 1458038105, 0x5f5f63695f6c6173745f726567656e65726174657c693a313435383033383039323b7065726d697373696f6e7c4e3b6c6f676765645f696e7c623a313b757365725f69647c733a313a2231223b67726f75705f69647c733a313a2231223b),
('85d6f1470bf7161483773cfe4c42d3040ca6477a', '::1', 1459327500, 0x5f5f63695f6c6173745f726567656e65726174657c693a313435393332373238393b7065726d697373696f6e7c4e3b7065725f706167657c733a323a223130223b6c6f676765645f696e7c623a313b757365725f69647c733a313a2231223b67726f75705f69647c733a313a2231223b6f7065726174696f6e7c733a32343a22496e736572746564205375636365737366756c6c79212121223b5f5f63695f766172737c613a313a7b733a393a226f7065726174696f6e223b733a333a226f6c64223b7d),
('870ea681111f100bad33d5b2f88ab6b1b9087bb1', '127.0.0.1', 1459425562, 0x5f5f63695f6c6173745f726567656e65726174657c693a313435393432353437393b7065726d697373696f6e7c4e3b7065725f706167657c733a323a223130223b6c6f676765645f696e7c623a313b757365725f69647c733a313a2231223b67726f75705f69647c733a313a2231223b),
('87b19b9a379a004872f1506252656c972972ba31', '127.0.0.1', 1459419000, 0x5f5f63695f6c6173745f726567656e65726174657c693a313435393431383739383b7065726d697373696f6e7c4e3b7065725f706167657c733a323a223130223b6c6f676765645f696e7c623a313b757365725f69647c733a313a2231223b67726f75705f69647c733a313a2231223b),
('87e9cb3e865e87da4a09f6e89194d682d87a7101', '127.0.0.1', 1458111859, 0x5f5f63695f6c6173745f726567656e65726174657c693a313435383131313537303b6c6f676765645f696e7c623a313b757365725f69647c733a313a2231223b67726f75705f69647c733a313a2231223b7065726d697373696f6e7c4e3b7065725f706167657c733a313a2233223b),
('8a48d143bd298fb6ddfd3dbc17902eed3b5422f1', '127.0.0.1', 1458198903, 0x5f5f63695f6c6173745f726567656e65726174657c693a313435383139383631363b6c6f676765645f696e7c623a313b757365725f69647c733a313a2231223b67726f75705f69647c733a313a2231223b7065726d697373696f6e7c4e3b7065725f706167657c733a313a2233223b),
('8c32a7b4c5349ab7bd90498cb4e2a5100efa9914', '::1', 1459330452, 0x5f5f63695f6c6173745f726567656e65726174657c693a313435393333303336363b7065726d697373696f6e7c4e3b7065725f706167657c733a323a223130223b6c6f676765645f696e7c623a313b757365725f69647c733a313a2231223b67726f75705f69647c733a313a2231223b),
('8c461172bd7d7a0c4823f7e723bcc3d23f9c190c', '127.0.0.1', 1459413027, 0x5f5f63695f6c6173745f726567656e65726174657c693a313435393431323833383b7065726d697373696f6e7c4e3b7065725f706167657c733a323a223130223b6c6f676765645f696e7c623a313b757365725f69647c733a313a2231223b67726f75705f69647c733a313a2231223b),
('8c83f6896328322d4d3e842772717e4fad1abc04', '127.0.0.1', 1459153932, 0x5f5f63695f6c6173745f726567656e65726174657c693a313435393135333933323b7065726d697373696f6e7c4e3b7065725f706167657c733a323a223130223b6c6f676765645f696e7c623a313b757365725f69647c733a313a2231223b67726f75705f69647c733a313a2231223b),
('8e7839838b2193bf319247c08a2aa043893bd788', '127.0.0.1', 1458034007, 0x5f5f63695f6c6173745f726567656e65726174657c693a313435383033333732353b7065726d697373696f6e7c4e3b6c6f676765645f696e7c623a313b757365725f69647c733a313a2231223b67726f75705f69647c733a313a2231223b),
('8e790f43cf3fcbf317a5c6d7ccba74129e29d347', '127.0.0.1', 1459411353, 0x5f5f63695f6c6173745f726567656e65726174657c693a313435393431313333323b7065726d697373696f6e7c4e3b7065725f706167657c733a323a223130223b6c6f676765645f696e7c623a313b757365725f69647c733a313a2231223b67726f75705f69647c733a313a2231223b),
('8efb8d029dc2a9a7cade13693eb0e17254ffaf41', '127.0.0.1', 1458716297, 0x5f5f63695f6c6173745f726567656e65726174657c693a313435383731363137343b6c6f676765645f696e7c623a313b757365725f69647c733a313a2231223b67726f75705f69647c733a313a2231223b7065726d697373696f6e7c4e3b7065725f706167657c733a323a223130223b),
('8fd19862a086c84ed9128597db54278b1d9452a7', '127.0.0.1', 1459248750, 0x5f5f63695f6c6173745f726567656e65726174657c693a313435393234383437393b7065726d697373696f6e7c4e3b7065725f706167657c733a323a223130223b6c6f676765645f696e7c623a313b757365725f69647c733a313a2231223b67726f75705f69647c733a313a2231223b),
('90529d2735d010177c5c1b64b6c5764b395641f2', '127.0.0.1', 1459415366, 0x5f5f63695f6c6173745f726567656e65726174657c693a313435393431353230323b7065726d697373696f6e7c4e3b7065725f706167657c733a323a223130223b6c6f676765645f696e7c623a313b757365725f69647c733a313a2231223b67726f75705f69647c733a313a2231223b),
('90bc31d003ea791e4060d79ada3fd53e4c8a5180', '::1', 1459763587, 0x5f5f63695f6c6173745f726567656e65726174657c693a313435393736333239393b6c6f676765645f696e7c623a313b757365725f69647c733a313a2231223b67726f75705f69647c733a313a2231223b7065726d697373696f6e7c4e3b),
('92b31597f29a59c9011d2c7e5fdbeebeed71b7c8', '127.0.0.1', 1458033324, 0x5f5f63695f6c6173745f726567656e65726174657c693a313435383033333032383b7065726d697373696f6e7c4e3b6c6f676765645f696e7c623a313b757365725f69647c733a313a2231223b67726f75705f69647c733a313a2231223b),
('93813f5fd9944774cab7ac70b0f0fc5d7eb93324', '127.0.0.1', 1458211513, 0x5f5f63695f6c6173745f726567656e65726174657c693a313435383231313232303b7065726d697373696f6e7c4e3b6c6f676765645f696e7c623a313b757365725f69647c733a313a2231223b67726f75705f69647c733a313a2231223b7065725f706167657c733a323a223130223b),
('948aa4979e9a4ed975311f12ee1c45ade58f5658', '127.0.0.1', 1459423171, 0x5f5f63695f6c6173745f726567656e65726174657c693a313435393432323838333b7065726d697373696f6e7c4e3b7065725f706167657c733a323a223130223b6c6f676765645f696e7c623a313b757365725f69647c733a313a2231223b67726f75705f69647c733a313a2231223b),
('96882aa35759212c80c0ba7793c9b90c68b0ced4', '::1', 1459326626, 0x5f5f63695f6c6173745f726567656e65726174657c693a313435393332363433323b7065726d697373696f6e7c4e3b7065725f706167657c733a323a223130223b6c6f676765645f696e7c623a313b757365725f69647c733a313a2231223b67726f75705f69647c733a313a2231223b),
('96e12925ab0f5c8ffbb1c0a1d6242e7cfdb7d755', '::1', 1457940999, 0x5f5f63695f6c6173745f726567656e65726174657c693a313435373934303833323b6c6f676765645f696e7c623a313b757365725f69647c733a313a2231223b67726f75705f69647c733a313a2231223b7065726d697373696f6e7c4e3b),
('96f9718fef83df17ed52a0c3345710d0edd41655', '127.0.0.1', 1459753443, 0x5f5f63695f6c6173745f726567656e65726174657c693a313435393735333136393b6c6f676765645f696e7c623a313b757365725f69647c733a313a2231223b67726f75705f69647c733a313a2231223b7065726d697373696f6e7c4e3b),
('981aab4087e4e4d2e035b74044ec156cbf9f385c', '127.0.0.1', 1459159092, 0x5f5f63695f6c6173745f726567656e65726174657c693a313435393135383933313b7065726d697373696f6e7c4e3b7065725f706167657c733a323a223130223b6c6f676765645f696e7c623a313b757365725f69647c733a313a2231223b67726f75705f69647c733a313a2231223b),
('9885e64e20aa15af9f388804121a982dd35d3f83', '127.0.0.1', 1458110654, 0x5f5f63695f6c6173745f726567656e65726174657c693a313435383131303230363b6c6f676765645f696e7c623a313b757365725f69647c733a313a2231223b67726f75705f69647c733a313a2231223b7065726d697373696f6e7c4e3b),
('9d63beb306be1cc409d11d59dbaec2c31e0f800c', '127.0.0.1', 1457951183, 0x5f5f63695f6c6173745f726567656e65726174657c693a313435373935313137363b6c6f676765645f696e7c623a313b757365725f69647c733a313a2231223b67726f75705f69647c733a313a2231223b7065726d697373696f6e7c4e3b),
('9e3b94746a60b731685563f426ee2c716f38f3cb', '127.0.0.1', 1458545358, 0x5f5f63695f6c6173745f726567656e65726174657c693a313435383534353330333b6c6f676765645f696e7c623a313b757365725f69647c733a313a2231223b67726f75705f69647c733a313a2231223b7065726d697373696f6e7c4e3b7065725f706167657c733a323a223130223b),
('9e89a45829200e9b2235e74ecede8e44de2325db', '127.0.0.1', 1458724216, 0x5f5f63695f6c6173745f726567656e65726174657c693a313435383732343231363b),
('9fe3f1a5309a4ac8fa2758d0e1d236a86e2d4cd6', '127.0.0.1', 1458111450, 0x5f5f63695f6c6173745f726567656e65726174657c693a313435383131313235323b6c6f676765645f696e7c623a313b757365725f69647c733a313a2231223b67726f75705f69647c733a313a2231223b7065726d697373696f6e7c4e3b7065725f706167657c733a313a2235223b),
('9ffe204c2157799d6854619cd5e59b7e99232d01', '127.0.0.1', 1458811777, 0x5f5f63695f6c6173745f726567656e65726174657c693a313435383831313633343b7065726d697373696f6e7c4e3b7065725f706167657c733a323a223130223b6c6f676765645f696e7c623a313b757365725f69647c733a313a2231223b67726f75705f69647c733a313a2231223b),
('a00d596b5ba5107eb716f71094c1f7045c952ab2', '127.0.0.1', 1458030145, 0x5f5f63695f6c6173745f726567656e65726174657c693a313435383032393834363b7065726d697373696f6e7c4e3b6c6f676765645f696e7c623a313b757365725f69647c733a313a2231223b67726f75705f69647c733a313a2231223b),
('a0c0c9847ac0e26cd6bd083271fde9a114ce2a80', '127.0.0.1', 1459242009, 0x5f5f63695f6c6173745f726567656e65726174657c693a313435393234323030343b7065726d697373696f6e7c4e3b7065725f706167657c733a323a223130223b6c6f676765645f696e7c623a313b757365725f69647c733a313a2231223b67726f75705f69647c733a313a2231223b),
('a112f8212a46592c779a6d6924ddbf280057aa8f', '127.0.0.1', 1458209779, 0x5f5f63695f6c6173745f726567656e65726174657c693a313435383230393736383b6c6f676765645f696e7c623a313b757365725f69647c733a313a2231223b67726f75705f69647c733a313a2231223b7065726d697373696f6e7c4e3b),
('a1eb4459e21b119fade613b29bbfd453a8ac9ca4', '127.0.0.1', 1458898594, 0x5f5f63695f6c6173745f726567656e65726174657c693a313435383839383335373b7065726d697373696f6e7c4e3b7065725f706167657c733a323a223130223b6c6f676765645f696e7c623a313b757365725f69647c733a313a2231223b67726f75705f69647c733a313a2231223b),
('a3810f53bd37309f3a73127000a3384aae2fb090', '::1', 1459764101, 0x5f5f63695f6c6173745f726567656e65726174657c693a313435393736343036353b6c6f676765645f696e7c623a313b757365725f69647c733a313a2231223b67726f75705f69647c733a313a2231223b7065726d697373696f6e7c4e3b),
('a3b4f9f5dda55c0080dc17f00c0e81e22d145002', '127.0.0.1', 1458124633, 0x5f5f63695f6c6173745f726567656e65726174657c693a313435383132343336303b7065726d697373696f6e7c4e3b6c6f676765645f696e7c623a313b757365725f69647c733a313a2231223b67726f75705f69647c733a313a2231223b7065725f706167657c733a323a223235223b),
('a5a692760aa7978a40e97673c4bc4c023188f66f', '127.0.0.1', 1458206038, 0x5f5f63695f6c6173745f726567656e65726174657c693a313435383230353932313b6c6f676765645f696e7c623a313b757365725f69647c733a313a2231223b67726f75705f69647c733a313a2231223b7065726d697373696f6e7c4e3b7065725f706167657c733a313a2233223b),
('a66303988164f8206c103f07f6b3e5acf29c7469', '127.0.0.1', 1459424569, 0x5f5f63695f6c6173745f726567656e65726174657c693a313435393432343238303b7065726d697373696f6e7c4e3b7065725f706167657c733a323a223130223b6c6f676765645f696e7c623a313b757365725f69647c733a313a2231223b67726f75705f69647c733a313a2231223b),
('a8ae2d377411aa9a4986911da5164fc106fd163f', '::1', 1459840086, 0x5f5f63695f6c6173745f726567656e65726174657c693a313435393833393834313b6c6f676765645f696e7c623a313b757365725f69647c733a313a2231223b67726f75705f69647c733a313a2231223b7065726d697373696f6e7c4e3b),
('a95083009d00502966e0aa8a90f5e00895770554', '::1', 1459766476, 0x5f5f63695f6c6173745f726567656e65726174657c693a313435393736363437323b6c6f676765645f696e7c623a313b757365725f69647c733a313a2231223b67726f75705f69647c733a313a2231223b7065726d697373696f6e7c4e3b),
('aaa13a2cafae6ad1fa99fd5a5d644d2cf7fb221d', '::1', 1459337766, 0x5f5f63695f6c6173745f726567656e65726174657c693a313435393333373736363b7065726d697373696f6e7c4e3b7065725f706167657c733a323a223130223b6c6f676765645f696e7c623a313b757365725f69647c733a313a2231223b67726f75705f69647c733a313a2231223b);
INSERT INTO `ci_sessions` (`id`, `ip_address`, `timestamp`, `data`) VALUES
('ab8f1b96d96c21515486fb7bde0218696a7cb6d5', '127.0.0.1', 1458212528, 0x5f5f63695f6c6173745f726567656e65726174657c693a313435383231323333323b7065726d697373696f6e7c4e3b6c6f676765645f696e7c623a313b757365725f69647c733a313a2231223b67726f75705f69647c733a313a2231223b7065725f706167657c733a323a223130223b),
('acef815cc4fb232f2765abe6c41bee5251c75d1f', '::1', 1459762610, 0x5f5f63695f6c6173745f726567656e65726174657c693a313435393736323330363b6c6f676765645f696e7c623a313b757365725f69647c733a313a2231223b67726f75705f69647c733a313a2231223b7065726d697373696f6e7c4e3b),
('ad6ee16268f04bfa8dbd9f413fa362ecbf080215', '127.0.0.1', 1459244477, 0x5f5f63695f6c6173745f726567656e65726174657c693a313435393234343230353b7065726d697373696f6e7c4e3b7065725f706167657c733a323a223130223b6c6f676765645f696e7c623a313b757365725f69647c733a313a2231223b67726f75705f69647c733a313a2231223b),
('adc1365d071aec1f844e8900be2d78d7a602d34b', '127.0.0.1', 1459243405, 0x5f5f63695f6c6173745f726567656e65726174657c693a313435393234333330303b7065726d697373696f6e7c4e3b7065725f706167657c733a323a223130223b6c6f676765645f696e7c623a313b757365725f69647c733a313a2231223b67726f75705f69647c733a313a2231223b),
('ae38d34ba2c20177141a04ec79379571539e5a23', '127.0.0.1', 1458720778, 0x5f5f63695f6c6173745f726567656e65726174657c693a313435383732303530313b7065726d697373696f6e7c4e3b7065725f706167657c733a323a223130223b6c6f676765645f696e7c623a313b757365725f69647c733a313a2231223b67726f75705f69647c733a313a2231223b),
('ae7bcd09bd20f7a358585ad609eef023541dd7ee', '127.0.0.1', 1458719561, 0x5f5f63695f6c6173745f726567656e65726174657c693a313435383731393331323b6c6f676765645f696e7c623a313b757365725f69647c733a313a2231223b67726f75705f69647c733a313a2231223b7065726d697373696f6e7c4e3b7065725f706167657c733a323a223130223b),
('b00afa856c61c53abe78be564ea7cfa17b660284', '127.0.0.1', 1458724237, 0x5f5f63695f6c6173745f726567656e65726174657c693a313435383732343030323b7065726d697373696f6e7c4e3b7065725f706167657c733a323a223130223b6c6f676765645f696e7c623a313b757365725f69647c733a313a2231223b67726f75705f69647c733a313a2231223b),
('b0d1ab6b8bc62074de161f904ac29d86b145be29', '127.0.0.1', 1459424175, 0x5f5f63695f6c6173745f726567656e65726174657c693a313435393432333838343b7065726d697373696f6e7c4e3b7065725f706167657c733a323a223130223b6c6f676765645f696e7c623a313b757365725f69647c733a313a2231223b67726f75705f69647c733a313a2231223b),
('b0fd64a7c4940d188f1f3ccd340b84c8217c31de', '127.0.0.1', 1458816519, 0x5f5f63695f6c6173745f726567656e65726174657c693a313435383831363231393b7065726d697373696f6e7c4e3b7065725f706167657c733a323a223130223b6c6f676765645f696e7c623a313b757365725f69647c733a313a2231223b67726f75705f69647c733a313a2231223b),
('b232904557fb0e04cbbefcece7b33f78d96fe40c', '127.0.0.1', 1458209641, 0x5f5f63695f6c6173745f726567656e65726174657c693a313435383230393337363b7065726d697373696f6e7c4e3b7065725f706167657c733a313a2233223b6c6f676765645f696e7c623a313b757365725f69647c733a313a2231223b67726f75705f69647c733a313a2231223b),
('b65ddf7f0f2774b700ae39c6bbc5cbe462bd6f65', '127.0.0.1', 1459418185, 0x5f5f63695f6c6173745f726567656e65726174657c693a313435393431373936343b7065726d697373696f6e7c4e3b7065725f706167657c733a323a223130223b6c6f676765645f696e7c623a313b757365725f69647c733a313a2231223b67726f75705f69647c733a313a2231223b),
('b69196ff0438224dc3055053f3bf9229c149b271', '127.0.0.1', 1458726597, 0x5f5f63695f6c6173745f726567656e65726174657c693a313435383732363436343b7065726d697373696f6e7c4e3b7065725f706167657c733a323a223130223b6c6f676765645f696e7c623a313b757365725f69647c733a313a2231223b67726f75705f69647c733a313a2231223b),
('b6c1133c436a7f24684628bcef0c5472a79dff1d', '127.0.0.1', 1458199963, 0x5f5f63695f6c6173745f726567656e65726174657c693a313435383139393636333b6c6f676765645f696e7c623a313b757365725f69647c733a313a2231223b67726f75705f69647c733a313a2231223b7065726d697373696f6e7c4e3b7065725f706167657c733a313a2233223b),
('b6fd4a25c983fdc8a7a6680c0370196b5ad495b7', '127.0.0.1', 1459414503, 0x5f5f63695f6c6173745f726567656e65726174657c693a313435393431343530333b7065726d697373696f6e7c4e3b7065725f706167657c733a323a223130223b6c6f676765645f696e7c623a313b757365725f69647c733a313a2231223b67726f75705f69647c733a313a2231223b),
('b7451d310b3b6b93fcce0c939a5c506714f376c6', '127.0.0.1', 1458122809, 0x5f5f63695f6c6173745f726567656e65726174657c693a313435383132323830343b7065726d697373696f6e7c4e3b6c6f676765645f696e7c623a313b757365725f69647c733a313a2231223b67726f75705f69647c733a313a2231223b7065725f706167657c733a323a223235223b),
('b791560a96261544d4d5bda263347f309746b9b5', '127.0.0.1', 1459154787, 0x5f5f63695f6c6173745f726567656e65726174657c693a313435393135343738303b7065726d697373696f6e7c4e3b7065725f706167657c733a323a223130223b6c6f676765645f696e7c623a313b757365725f69647c733a313a2231223b67726f75705f69647c733a313a2231223b),
('b8046bc8e96fb16d0ef5bbc1e5170774d4730a1f', '127.0.0.1', 1459249056, 0x5f5f63695f6c6173745f726567656e65726174657c693a313435393234383832353b7065726d697373696f6e7c4e3b7065725f706167657c733a323a223130223b6c6f676765645f696e7c623a313b757365725f69647c733a313a2231223b67726f75705f69647c733a313a2231223b),
('b8e5708d622276a7b4b132c4b28fd1b05724518c', '127.0.0.1', 1459756097, 0x5f5f63695f6c6173745f726567656e65726174657c693a313435393735353830373b6c6f676765645f696e7c623a313b757365725f69647c733a313a2231223b67726f75705f69647c733a313a2231223b7065726d697373696f6e7c4e3b),
('b9d2199ee77f2de8494fb2d1f8f9c526231576aa', '127.0.0.1', 1458543212, 0x5f5f63695f6c6173745f726567656e65726174657c693a313435383534333138353b6c6f676765645f696e7c623a313b757365725f69647c733a313a2231223b67726f75705f69647c733a313a2231223b7065726d697373696f6e7c4e3b7065725f706167657c733a323a223130223b),
('ba857023cf41494fef97c264b4126e746d435c12', '127.0.0.1', 1458897850, 0x5f5f63695f6c6173745f726567656e65726174657c693a313435383839373533343b7065726d697373696f6e7c4e3b7065725f706167657c733a323a223130223b6c6f676765645f696e7c623a313b757365725f69647c733a313a2231223b67726f75705f69647c733a313a2231223b),
('baa44606e3a3e6262730f0577a9f8af3b29d5b8d', '::1', 1459330294, 0x5f5f63695f6c6173745f726567656e65726174657c693a313435393333303030393b7065726d697373696f6e7c4e3b7065725f706167657c733a323a223130223b6c6f676765645f696e7c623a313b757365725f69647c733a313a2231223b67726f75705f69647c733a313a2231223b),
('bad35a002ab6442134fd3f2771c8c9c2dbf36e8c', '::1', 1459328613, 0x5f5f63695f6c6173745f726567656e65726174657c693a313435393332383333313b7065726d697373696f6e7c4e3b7065725f706167657c733a323a223130223b6c6f676765645f696e7c623a313b757365725f69647c733a313a2231223b67726f75705f69647c733a313a2231223b),
('bb78136915b0262b3233b58659f8950e9ff3c280', '127.0.0.1', 1459159764, 0x5f5f63695f6c6173745f726567656e65726174657c693a313435393135393736343b7065726d697373696f6e7c4e3b7065725f706167657c733a323a223130223b6c6f676765645f696e7c623a313b757365725f69647c733a313a2231223b67726f75705f69647c733a313a2231223b),
('bba5a0d427c29b3d3f9701db94d4bc0707be81ee', '127.0.0.1', 1459242825, 0x5f5f63695f6c6173745f726567656e65726174657c693a313435393234323631373b7065726d697373696f6e7c4e3b7065725f706167657c733a323a223130223b6c6f676765645f696e7c623a313b757365725f69647c733a313a2231223b67726f75705f69647c733a313a2231223b),
('bbb69487206e712a8ed85421f5d8492a662937f0', '127.0.0.1', 1458027481, 0x5f5f63695f6c6173745f726567656e65726174657c693a313435383032373230343b7065726d697373696f6e7c4e3b6c6f676765645f696e7c623a313b757365725f69647c733a313a2231223b67726f75705f69647c733a313a2231223b),
('bbb9bd34a1dae895d91279dc5b7c3dc4bbfd3cde', '::1', 1459762061, 0x5f5f63695f6c6173745f726567656e65726174657c693a313435393736313932373b6c6f676765645f696e7c623a313b757365725f69647c733a313a2231223b67726f75705f69647c733a313a2231223b7065726d697373696f6e7c4e3b),
('bd4ab1f8c73d52c1f55fbebb6d0d53992d150152', '127.0.0.1', 1458817144, 0x5f5f63695f6c6173745f726567656e65726174657c693a313435383831363834393b7065726d697373696f6e7c4e3b7065725f706167657c733a323a223130223b6c6f676765645f696e7c623a313b757365725f69647c733a313a2231223b67726f75705f69647c733a313a2231223b),
('bdc2fee426d6674a3f91e25f3c554ad4ec9865e6', '127.0.0.1', 1458034591, 0x5f5f63695f6c6173745f726567656e65726174657c693a313435383033343336323b7065726d697373696f6e7c4e3b6c6f676765645f696e7c623a313b757365725f69647c733a313a2231223b67726f75705f69647c733a313a2231223b),
('bdf72999038ed688d2bacada3acd385bd5c65bf3', '127.0.0.1', 1458889301, 0x5f5f63695f6c6173745f726567656e65726174657c693a313435383838393237393b7065726d697373696f6e7c4e3b7065725f706167657c733a323a223130223b6c6f676765645f696e7c623a313b757365725f69647c733a313a2231223b67726f75705f69647c733a313a2231223b),
('be58d8f7d69eb13d880b2130af377a23f64ef2d8', '127.0.0.1', 1458199522, 0x5f5f63695f6c6173745f726567656e65726174657c693a313435383139393239333b6c6f676765645f696e7c623a313b757365725f69647c733a313a2231223b67726f75705f69647c733a313a2231223b7065726d697373696f6e7c4e3b7065725f706167657c733a313a2233223b),
('c04c5d17754004b4db5d5c3c87a4845c99b888ba', '127.0.0.1', 1458813122, 0x5f5f63695f6c6173745f726567656e65726174657c693a313435383831323832333b7065726d697373696f6e7c4e3b7065725f706167657c733a323a223130223b6c6f676765645f696e7c623a313b757365725f69647c733a313a2231223b67726f75705f69647c733a313a2231223b),
('c0bc7871e7a9d60594f538a2984f1f6ce630724e', '127.0.0.1', 1459409677, 0x5f5f63695f6c6173745f726567656e65726174657c693a313435393430393535333b7065726d697373696f6e7c4e3b7065725f706167657c733a323a223130223b6c6f676765645f696e7c623a313b757365725f69647c733a313a2231223b67726f75705f69647c733a313a2231223b),
('c3266a023363bb7c87c794f8e95c96a67242ef6b', '127.0.0.1', 1459755783, 0x5f5f63695f6c6173745f726567656e65726174657c693a313435393735353530363b6c6f676765645f696e7c623a313b757365725f69647c733a313a2231223b67726f75705f69647c733a313a2231223b7065726d697373696f6e7c4e3b),
('c36c05c898d455161e3e792cae75c1cc376ce4e1', '127.0.0.1', 1459420699, 0x5f5f63695f6c6173745f726567656e65726174657c693a313435393432303638363b7065726d697373696f6e7c4e3b7065725f706167657c733a323a223130223b6c6f676765645f696e7c623a313b757365725f69647c733a313a2231223b67726f75705f69647c733a313a2231223b),
('c6e349453ef39ab41f6fad9de78e28f112e17652', '127.0.0.1', 1458112094, 0x5f5f63695f6c6173745f726567656e65726174657c693a313435383131313930323b7065726d697373696f6e7c4e3b6c6f676765645f696e7c623a313b757365725f69647c733a313a2231223b67726f75705f69647c733a313a2231223b7065725f706167657c733a313a2235223b),
('c8df00c0347010609688c7cecc1da043cee34998', '127.0.0.1', 1459752030, 0x5f5f63695f6c6173745f726567656e65726174657c693a313435393735313830353b6c6f676765645f696e7c623a313b757365725f69647c733a313a2231223b67726f75705f69647c733a313a2231223b7065726d697373696f6e7c4e3b),
('cb10896fbb2c30a2d187920b40447aadc05c32a5', '127.0.0.1', 1458114809, 0x5f5f63695f6c6173745f726567656e65726174657c693a313435383131343535393b7065726d697373696f6e7c4e3b6c6f676765645f696e7c623a313b757365725f69647c733a313a2231223b67726f75705f69647c733a313a2231223b7065725f706167657c733a323a223130223b),
('cb4fa54435a011fd278bd367dc8692991c4d7d13', '127.0.0.1', 1458816064, 0x5f5f63695f6c6173745f726567656e65726174657c693a313435383831353930333b7065726d697373696f6e7c4e3b7065725f706167657c733a323a223130223b6c6f676765645f696e7c623a313b757365725f69647c733a313a2231223b67726f75705f69647c733a313a2231223b),
('ccf25102d63d65ff051df6125d3b2b170b609ebd', '127.0.0.1', 1458546840, 0x5f5f63695f6c6173745f726567656e65726174657c693a313435383534363833393b6c6f676765645f696e7c623a313b757365725f69647c733a313a2231223b67726f75705f69647c733a313a2231223b7065726d697373696f6e7c4e3b7065725f706167657c733a323a223130223b),
('cd46f6a56c3aa64e4bbe4c9fb5bff509bbcd8126', '::1', 1459764927, 0x5f5f63695f6c6173745f726567656e65726174657c693a313435393736343836383b6c6f676765645f696e7c623a313b757365725f69647c733a313a2231223b67726f75705f69647c733a313a2231223b7065726d697373696f6e7c4e3b),
('cda26eb6dfed16781929dfea2bf63f0d0352b7ef', '127.0.0.1', 1459422510, 0x5f5f63695f6c6173745f726567656e65726174657c693a313435393432323233373b7065726d697373696f6e7c4e3b7065725f706167657c733a323a223130223b6c6f676765645f696e7c623a313b757365725f69647c733a313a2231223b67726f75705f69647c733a313a2231223b),
('cdf97985c97e7a666d4a871a515d670b4330c092', '127.0.0.1', 1458030447, 0x5f5f63695f6c6173745f726567656e65726174657c693a313435383033303134393b7065726d697373696f6e7c4e3b6c6f676765645f696e7c623a313b757365725f69647c733a313a2231223b67726f75705f69647c733a313a2231223b),
('ce52bb798716de881bf099c0208acaca9a7812ef', '127.0.0.1', 1458897131, 0x5f5f63695f6c6173745f726567656e65726174657c693a313435383839363834323b7065726d697373696f6e7c4e3b7065725f706167657c733a323a223130223b6c6f676765645f696e7c623a313b757365725f69647c733a313a2231223b67726f75705f69647c733a313a2231223b),
('cf794804ab209fcfd2bb62640532c6a75c12e377', '127.0.0.1', 1458899706, 0x5f5f63695f6c6173745f726567656e65726174657c693a313435383839393432313b7065726d697373696f6e7c4e3b7065725f706167657c733a323a223130223b6c6f676765645f696e7c623a313b757365725f69647c733a313a2231223b67726f75705f69647c733a313a2231223b),
('cf9cb3ceffaf866e20f2ebec8eacfe580c2cae8c', '127.0.0.1', 1458812325, 0x5f5f63695f6c6173745f726567656e65726174657c693a313435383831323135353b7065726d697373696f6e7c4e3b7065725f706167657c733a323a223130223b6c6f676765645f696e7c623a313b757365725f69647c733a313a2231223b67726f75705f69647c733a313a2231223b),
('cfbb2b8cc235d3c45c797e1f49d4d9c01ead38c4', '127.0.0.1', 1459410939, 0x5f5f63695f6c6173745f726567656e65726174657c693a313435393431303433373b7065726d697373696f6e7c4e3b7065725f706167657c733a323a223130223b6c6f676765645f696e7c623a313b757365725f69647c733a313a2231223b67726f75705f69647c733a313a2231223b),
('d15a59d9b3dedd5a996f9efa95f246d84630caeb', '127.0.0.1', 1458544372, 0x5f5f63695f6c6173745f726567656e65726174657c693a313435383534343239303b6c6f676765645f696e7c623a313b757365725f69647c733a313a2231223b67726f75705f69647c733a313a2231223b7065726d697373696f6e7c4e3b7065725f706167657c733a323a223130223b),
('d1ab849ba49329e02a443044c06abc15aa6a6007', '127.0.0.1', 1459332441, 0x5f5f63695f6c6173745f726567656e65726174657c693a313435393333313932333b7065726d697373696f6e7c4e3b7065725f706167657c733a323a223130223b6c6f676765645f696e7c623a313b757365725f69647c733a313a2231223b67726f75705f69647c733a313a2231223b),
('d2f366f58754b89bb19b68e191af4fffda79cfa8', '127.0.0.1', 1458726425, 0x5f5f63695f6c6173745f726567656e65726174657c693a313435383732363134383b7065726d697373696f6e7c4e3b7065725f706167657c733a323a223130223b6c6f676765645f696e7c623a313b757365725f69647c733a313a2231223b67726f75705f69647c733a313a2231223b),
('d334748eee895fcfdef36141b3e263dcf5053fe7', '127.0.0.1', 1459426223, 0x5f5f63695f6c6173745f726567656e65726174657c693a313435393432353933383b7065726d697373696f6e7c4e3b7065725f706167657c733a323a223130223b6c6f676765645f696e7c623a313b757365725f69647c733a313a2231223b67726f75705f69647c733a313a2231223b),
('d3cddf1c8f150db4930cc1d1f11c2bb8dac3d8c0', '127.0.0.1', 1458726097, 0x5f5f63695f6c6173745f726567656e65726174657c693a313435383732353834343b7065726d697373696f6e7c4e3b7065725f706167657c733a323a223130223b6c6f676765645f696e7c623a313b757365725f69647c733a313a2231223b67726f75705f69647c733a313a2231223b),
('d3d2ec8f5b504b58fe889e929424470085288b80', '127.0.0.1', 1458815743, 0x5f5f63695f6c6173745f726567656e65726174657c693a313435383831353532383b7065726d697373696f6e7c4e3b7065725f706167657c733a323a223130223b6c6f676765645f696e7c623a313b757365725f69647c733a313a2231223b67726f75705f69647c733a313a2231223b),
('d5935fd27b1caaef4e38eaf690bec2e21db638e1', '127.0.0.1', 1458203929, 0x5f5f63695f6c6173745f726567656e65726174657c693a313435383230333731383b6c6f676765645f696e7c623a313b757365725f69647c733a313a2231223b67726f75705f69647c733a313a2231223b7065726d697373696f6e7c4e3b7065725f706167657c733a313a2233223b),
('d6ab8e6a50e4826dc6b5c3a5969d9dc7f708ca06', '127.0.0.1', 1458030790, 0x5f5f63695f6c6173745f726567656e65726174657c693a313435383033303439393b7065726d697373696f6e7c4e3b6c6f676765645f696e7c623a313b757365725f69647c733a313a2231223b67726f75705f69647c733a313a2231223b),
('d8d7ac3741b5c5f4a8a3eb93ef3e44a2201a42df', '127.0.0.1', 1458207859, 0x5f5f63695f6c6173745f726567656e65726174657c693a313435383230373536363b6c6f676765645f696e7c623a313b757365725f69647c733a313a2231223b67726f75705f69647c733a313a2231223b7065726d697373696f6e7c4e3b7065725f706167657c733a313a2233223b),
('d8ddbf23771c020fe81e039ce2d8a3857c7fd346', '127.0.0.1', 1458213349, 0x5f5f63695f6c6173745f726567656e65726174657c693a313435383231333038373b7065726d697373696f6e7c4e3b6c6f676765645f696e7c623a313b757365725f69647c733a313a2231223b67726f75705f69647c733a313a2231223b7065725f706167657c733a323a223130223b),
('dc92bbe2b64bfc38cdafce74865a7d65de4f50fa', '127.0.0.1', 1458213052, 0x5f5f63695f6c6173745f726567656e65726174657c693a313435383231323735323b7065726d697373696f6e7c4e3b6c6f676765645f696e7c623a313b757365725f69647c733a313a2231223b67726f75705f69647c733a313a2231223b7065725f706167657c733a323a223130223b),
('dce1b7a340ae3313f67519c6773da7b69ed24fdf', '127.0.0.1', 1458720490, 0x5f5f63695f6c6173745f726567656e65726174657c693a313435383732303139383b6c6f676765645f696e7c623a313b757365725f69647c733a313a2231223b67726f75705f69647c733a313a2231223b7065726d697373696f6e7c4e3b7065725f706167657c733a323a223130223b6f7065726174696f6e7c733a32343a22496e736572746564205375636365737366756c6c79212121223b5f5f63695f766172737c613a313a7b733a393a226f7065726174696f6e223b733a333a226f6c64223b7d),
('dd2e262ac624bb51410e5a76c9b510f128e10a24', '127.0.0.1', 1458817516, 0x5f5f63695f6c6173745f726567656e65726174657c693a313435383831373233383b7065726d697373696f6e7c4e3b7065725f706167657c733a323a223130223b6c6f676765645f696e7c623a313b757365725f69647c733a313a2231223b67726f75705f69647c733a313a2231223b),
('dd6319ab4b9d4379c6fd151152e91869e2d34b94', '127.0.0.1', 1458814188, 0x5f5f63695f6c6173745f726567656e65726174657c693a313435383831343031353b7065726d697373696f6e7c4e3b7065725f706167657c733a323a223130223b6c6f676765645f696e7c623a313b757365725f69647c733a313a2231223b67726f75705f69647c733a313a2231223b),
('dea7903cabee611773c653afbd72a2522c0e858c', '::1', 1459765861, 0x5f5f63695f6c6173745f726567656e65726174657c693a313435393736353830353b6c6f676765645f696e7c623a313b757365725f69647c733a313a2231223b67726f75705f69647c733a313a2231223b7065726d697373696f6e7c4e3b),
('dedb88a628406d61bf679a2b8f029b5eec695f77', '127.0.0.1', 1459332456, 0x5f5f63695f6c6173745f726567656e65726174657c693a313435393333323435363b7065726d697373696f6e7c4e3b7065725f706167657c733a323a223130223b6c6f676765645f696e7c623a313b757365725f69647c733a313a2231223b67726f75705f69647c733a313a2231223b),
('dee3eca5956c7cd1454745b91cec3a353c5486d5', '127.0.0.1', 1458037393, 0x5f5f63695f6c6173745f726567656e65726174657c693a313435383033373130303b7065726d697373696f6e7c4e3b6c6f676765645f696e7c623a313b757365725f69647c733a313a2231223b67726f75705f69647c733a313a2231223b),
('df3f7e71306edfa750e74534d3f2916dbd1bd28c', '127.0.0.1', 1459423492, 0x5f5f63695f6c6173745f726567656e65726174657c693a313435393432333235343b7065726d697373696f6e7c4e3b7065725f706167657c733a323a223130223b6c6f676765645f696e7c623a313b757365725f69647c733a313a2231223b67726f75705f69647c733a313a2231223b),
('df5f97c6286d41280d87ff901cabd27a77abf1ab', '127.0.0.1', 1459426306, 0x5f5f63695f6c6173745f726567656e65726174657c693a313435393432363235363b7065726d697373696f6e7c4e3b7065725f706167657c733a323a223130223b6c6f676765645f696e7c623a313b757365725f69647c733a313a2231223b67726f75705f69647c733a313a2231223b),
('e120bde5793b5d47f7cf1cc83f1ba9b5844a325f', '127.0.0.1', 1458200674, 0x5f5f63695f6c6173745f726567656e65726174657c693a313435383230303338323b6c6f676765645f696e7c623a313b757365725f69647c733a313a2231223b67726f75705f69647c733a313a2231223b7065726d697373696f6e7c4e3b7065725f706167657c733a313a2233223b),
('e2364f94541b437dd43ac3618e5116910ccb47d3', '127.0.0.1', 1458818137, 0x5f5f63695f6c6173745f726567656e65726174657c693a313435383831373932313b7065726d697373696f6e7c4e3b7065725f706167657c733a323a223130223b6c6f676765645f696e7c623a313b757365725f69647c733a313a2231223b67726f75705f69647c733a313a2231223b),
('e3ebcb7aa493219114117cfdae81dd2505700a0e', '127.0.0.1', 1458789596, 0x5f5f63695f6c6173745f726567656e65726174657c693a313435383738393539363b),
('e400ec10fea002cbba327169deb448e609037f72', '::1', 1459765754, 0x5f5f63695f6c6173745f726567656e65726174657c693a313435393736353438323b6c6f676765645f696e7c623a313b757365725f69647c733a313a2231223b67726f75705f69647c733a313a2231223b7065726d697373696f6e7c4e3b),
('e4a6e360f153831746df37b81959368b098b1259', '127.0.0.1', 1459246987, 0x5f5f63695f6c6173745f726567656e65726174657c693a313435393234363639303b7065726d697373696f6e7c4e3b7065725f706167657c733a323a223130223b6c6f676765645f696e7c623a313b757365725f69647c733a313a2231223b67726f75705f69647c733a313a2231223b),
('e5b2736364b1dedf3c1f582742e45ce5cf990751', '127.0.0.1', 1458728466, 0x5f5f63695f6c6173745f726567656e65726174657c693a313435383732383232393b7065726d697373696f6e7c4e3b7065725f706167657c733a323a223130223b6c6f676765645f696e7c623a313b757365725f69647c733a313a2231223b67726f75705f69647c733a313a2231223b),
('e5e93201c57d963bf4ebd96c32740605fa486916', '127.0.0.1', 1457953907, 0x5f5f63695f6c6173745f726567656e65726174657c693a313435373935333837393b7065726d697373696f6e7c4e3b6c6f676765645f696e7c623a313b757365725f69647c733a313a2231223b67726f75705f69647c733a313a2231223b),
('e9b5f116846aa46658f857f07feb75a4b2d30b50', '127.0.0.1', 1457951652, 0x5f5f63695f6c6173745f726567656e65726174657c693a313435373935313534303b7065726d697373696f6e7c4e3b6c6f676765645f696e7c623a313b757365725f69647c733a313a2232223b67726f75705f69647c733a313a2232223b),
('edb8b01f349e5e2ce0ea8f877ff968a190da9161', '127.0.0.1', 1458202775, 0x5f5f63695f6c6173745f726567656e65726174657c693a313435383230323337313b6c6f676765645f696e7c623a313b757365725f69647c733a313a2231223b67726f75705f69647c733a313a2231223b7065726d697373696f6e7c4e3b7065725f706167657c733a313a2233223b),
('edf202d4a46a6422c71658563656a6321144f5b2', '::1', 1459762967, 0x5f5f63695f6c6173745f726567656e65726174657c693a313435393736323935363b6c6f676765645f696e7c623a313b757365725f69647c733a313a2231223b67726f75705f69647c733a313a2231223b7065726d697373696f6e7c4e3b),
('ee6ddc29b9fa6d75b47f68f9839b1bb676c742a9', '127.0.0.1', 1458898318, 0x5f5f63695f6c6173745f726567656e65726174657c693a313435383839383033393b7065726d697373696f6e7c4e3b7065725f706167657c733a323a223130223b6c6f676765645f696e7c623a313b757365725f69647c733a313a2231223b67726f75705f69647c733a313a2231223b),
('ee722f4556308e553d934957da9f5ba0fff44e8e', '127.0.0.1', 1458543738, 0x5f5f63695f6c6173745f726567656e65726174657c693a313435383534333537303b6c6f676765645f696e7c623a313b757365725f69647c733a313a2231223b67726f75705f69647c733a313a2231223b7065726d697373696f6e7c4e3b7065725f706167657c733a323a223130223b),
('ef69ced12e8c01d63504af1791d50f0e7581f40e', '127.0.0.1', 1459422601, 0x5f5f63695f6c6173745f726567656e65726174657c693a313435393432323535323b7065726d697373696f6e7c4e3b7065725f706167657c733a323a223130223b6c6f676765645f696e7c623a313b757365725f69647c733a313a2231223b67726f75705f69647c733a313a2231223b),
('f030d73a801425c9c6b57c8693a0cd1b12d63695', '127.0.0.1', 1458125158, 0x5f5f63695f6c6173745f726567656e65726174657c693a313435383132343935353b7065726d697373696f6e7c4e3b6c6f676765645f696e7c623a313b757365725f69647c733a313a2231223b67726f75705f69647c733a313a2231223b7065725f706167657c733a323a223235223b),
('f1e38eaa9bec25e0eb1c75f169dbe0df258fc326', '127.0.0.1', 1458547701, 0x5f5f63695f6c6173745f726567656e65726174657c693a313435383534373636303b6c6f676765645f696e7c623a313b757365725f69647c733a313a2231223b67726f75705f69647c733a313a2231223b7065726d697373696f6e7c4e3b7065725f706167657c733a323a223130223b),
('f36be1cd0b4a49aadce8056d315c2736a8c868d8', '::1', 1459766456, 0x5f5f63695f6c6173745f726567656e65726174657c693a313435393736363136303b6c6f676765645f696e7c623a313b757365725f69647c733a313a2231223b67726f75705f69647c733a313a2231223b7065726d697373696f6e7c4e3b),
('f5967351adbff75e6fce399d4dc9780ddc8f2494', '127.0.0.1', 1458813369, 0x5f5f63695f6c6173745f726567656e65726174657c693a313435383831333135303b7065726d697373696f6e7c4e3b7065725f706167657c733a323a223130223b6c6f676765645f696e7c623a313b757365725f69647c733a313a2231223b67726f75705f69647c733a313a2231223b),
('f6098333a4ccc686bf15023bb9d836035b5e8d64', '127.0.0.1', 1458207411, 0x5f5f63695f6c6173745f726567656e65726174657c693a313435383230373131323b6c6f676765645f696e7c623a313b757365725f69647c733a313a2231223b67726f75705f69647c733a313a2231223b7065726d697373696f6e7c4e3b7065725f706167657c733a313a2233223b),
('f62b2babf901ed22de03a30d590b3227025e8111', '127.0.0.1', 1458818869, 0x5f5f63695f6c6173745f726567656e65726174657c693a313435383831383632363b7065726d697373696f6e7c4e3b7065725f706167657c733a323a223130223b6c6f676765645f696e7c623a313b757365725f69647c733a313a2231223b67726f75705f69647c733a313a2231223b),
('f651c5c77045988c48bde717264433dba82c9a16', '127.0.0.1', 1459411683, 0x5f5f63695f6c6173745f726567656e65726174657c693a313435393431313637373b7065726d697373696f6e7c4e3b7065725f706167657c733a323a223130223b6c6f676765645f696e7c623a313b757365725f69647c733a313a2231223b67726f75705f69647c733a313a2231223b),
('f66aba6eefa452c3c6b01409f6738efa5fa063ab', '127.0.0.1', 1458898751, 0x5f5f63695f6c6173745f726567656e65726174657c693a313435383839383733333b7065726d697373696f6e7c4e3b7065725f706167657c733a323a223130223b6c6f676765645f696e7c623a313b757365725f69647c733a313a2231223b67726f75705f69647c733a313a2231223b),
('f6a5d197a696c7428301ec5f95450cff6b2bad84', '127.0.0.1', 1459162987, 0x5f5f63695f6c6173745f726567656e65726174657c693a313435393136323938373b7065726d697373696f6e7c4e3b7065725f706167657c733a323a223130223b6c6f676765645f696e7c623a313b757365725f69647c733a313a2231223b67726f75705f69647c733a313a2231223b),
('f6faa0901583bfaa45540a1b4612f4e26aca51c0', '127.0.0.1', 1458202216, 0x5f5f63695f6c6173745f726567656e65726174657c693a313435383230313933333b6c6f676765645f696e7c623a313b757365725f69647c733a313a2231223b67726f75705f69647c733a313a2231223b7065726d697373696f6e7c4e3b7065725f706167657c733a313a2233223b),
('f73a2f20b5a7051ccf9dd8a090ea8cdf702b12dd', '127.0.0.1', 1458209368, 0x5f5f63695f6c6173745f726567656e65726174657c693a313435383230393037333b7065726d697373696f6e7c4e3b7065725f706167657c733a313a2233223b6c6f676765645f696e7c623a313b757365725f69647c733a313a2232223b67726f75705f69647c733a313a2232223b),
('f953a95a958aefbf9e6711b3cbe21bd75cdd036b', '127.0.0.1', 1458206383, 0x5f5f63695f6c6173745f726567656e65726174657c693a313435383230363233333b6c6f676765645f696e7c623a313b757365725f69647c733a313a2231223b67726f75705f69647c733a313a2231223b7065726d697373696f6e7c4e3b7065725f706167657c733a313a2233223b),
('f98f53cfaef5a266748e13f3dd8cdefc2ca29bce', '127.0.0.1', 1458887940, 0x5f5f63695f6c6173745f726567656e65726174657c693a313435383838373638393b7065726d697373696f6e7c4e3b7065725f706167657c733a323a223130223b6c6f676765645f696e7c623a313b757365725f69647c733a313a2231223b67726f75705f69647c733a313a2231223b),
('f9fbcfa99bf5d80b3fa5ef900bda3f7ecae338df', '127.0.0.1', 1458125742, 0x5f5f63695f6c6173745f726567656e65726174657c693a313435383132353637333b7065726d697373696f6e7c4e3b6c6f676765645f696e7c623a313b757365725f69647c733a313a2231223b67726f75705f69647c733a313a2231223b7065725f706167657c733a323a223235223b),
('fa679ab722e185a2079b4053863f7b2f88edfee4', '127.0.0.1', 1458032960, 0x5f5f63695f6c6173745f726567656e65726174657c693a313435383033323637363b7065726d697373696f6e7c4e3b6c6f676765645f696e7c623a313b757365725f69647c733a313a2231223b67726f75705f69647c733a313a2231223b),
('fad90f170c1581fe7bb337398cc6c917d75fc36d', '127.0.0.1', 1458028498, 0x5f5f63695f6c6173745f726567656e65726174657c693a313435383032383231343b7065726d697373696f6e7c4e3b6c6f676765645f696e7c623a313b757365725f69647c733a313a2231223b67726f75705f69647c733a313a2231223b),
('fb904f771d53e9b0ae28ce39124c0f7e25dae15a', '127.0.0.1', 1458809583, 0x5f5f63695f6c6173745f726567656e65726174657c693a313435383830393538333b7065726d697373696f6e7c4e3b7065725f706167657c733a323a223130223b6c6f676765645f696e7c623a313b757365725f69647c733a313a2231223b67726f75705f69647c733a313a2231223b),
('fd544073c6de36fb01096faa70f5703e72581186', '127.0.0.1', 1458118292, 0x5f5f63695f6c6173745f726567656e65726174657c693a313435383131383037373b7065726d697373696f6e7c4e3b6c6f676765645f696e7c623a313b757365725f69647c733a313a2231223b67726f75705f69647c733a313a2231223b7065725f706167657c733a323a223235223b),
('fd5e9979b8757ac996cc2f842b3b4e8e5399b645', '127.0.0.1', 1458114215, 0x5f5f63695f6c6173745f726567656e65726174657c693a313435383131343032353b7065726d697373696f6e7c4e3b6c6f676765645f696e7c623a313b757365725f69647c733a313a2231223b67726f75705f69647c733a313a2231223b7065725f706167657c733a323a223130223b),
('fe50c239c993988e2450983858693b823f8a8633', '127.0.0.1', 1459419552, 0x5f5f63695f6c6173745f726567656e65726174657c693a313435393431393533383b7065726d697373696f6e7c4e3b7065725f706167657c733a323a223130223b6c6f676765645f696e7c623a313b757365725f69647c733a313a2231223b67726f75705f69647c733a313a2231223b),
('ffe61bc04714249d0f05fab4fabbdabec9d4b00b', '127.0.0.1', 1458031467, 0x5f5f63695f6c6173745f726567656e65726174657c693a313435383033313435393b7065726d697373696f6e7c4e3b6c6f676765645f696e7c623a313b757365725f69647c733a313a2231223b67726f75705f69647c733a313a2231223b);

-- --------------------------------------------------------

--
-- Table structure for table `up_banner`
--

CREATE TABLE IF NOT EXISTS `up_banner` (
`id` int(11) NOT NULL,
  `title` varchar(255) DEFAULT NULL,
  `sub_title` varchar(255) DEFAULT NULL,
  `attachment` varchar(255) DEFAULT NULL,
  `ent_date` date NOT NULL,
  `upd_date` date DEFAULT NULL,
  `status` enum('draft','live') NOT NULL DEFAULT 'draft'
) ENGINE=InnoDB  DEFAULT CHARSET=latin1 AUTO_INCREMENT=11 ;

--
-- Dumping data for table `up_banner`
--

INSERT INTO `up_banner` (`id`, `title`, `sub_title`, `attachment`, `ent_date`, `upd_date`, `status`) VALUES
(9, '1st', '', '45c48cce2e2d7fbdea1afc51c7c6ad26.jpg', '2016-03-30', NULL, 'live'),
(10, '2nd', '', 'd3d9446802a44259755d38e6d163e820.jpg', '2016-03-30', NULL, 'live');

-- --------------------------------------------------------

--
-- Table structure for table `up_dynamic`
--

CREATE TABLE IF NOT EXISTS `up_dynamic` (
`id` int(11) NOT NULL,
  `fname` varchar(100) NOT NULL,
  `lname` varchar(100) NOT NULL,
  `tech` varchar(100) NOT NULL,
  `email` varchar(100) NOT NULL,
  `address` varchar(100) NOT NULL,
  `test` varchar(255) NOT NULL,
  `address2` varchar(255) NOT NULL,
  `attachment` varchar(255) NOT NULL,
  `status` enum('Live','Draft') NOT NULL DEFAULT 'Live'
) ENGINE=InnoDB  DEFAULT CHARSET=latin1 AUTO_INCREMENT=98 ;

--
-- Dumping data for table `up_dynamic`
--

INSERT INTO `up_dynamic` (`id`, `fname`, `lname`, `tech`, `email`, `address`, `test`, `address2`, `attachment`, `status`) VALUES
(4, 'zxz', 'zxz', 'xzxz', 'sds', '1', '', '', '', 'Live'),
(5, 'hkj', 'hkjh', 'kj', 'kjh', '1', '', '', '', 'Live'),
(6, 'nbn', 'bnb', 'nb', 'nnb', '1', '', '', '', 'Live'),
(7, 'jjh', 'j', 'hjh', 'jh', '2', '', '', '', 'Draft'),
(8, 'kjhkjh', 'hk', 'hjkh', 'jkh', '1', '', '', '', 'Live'),
(12, 'ghfg', 'sfd', 'dsdf', 'fds', '1', '', '', '', 'Live'),
(15, 'hgfg', 'fd', 'dfgd', 'egfdg', '2', '', '', '', 'Live'),
(16, 'jkljggghg', 'jjhghg', 'hg', 'hgh', '2', '', '', '', 'Live'),
(17, 'sjakd', 'sahdk', 'jksahd', 'askjdh', '2', '', '', '', 'Draft'),
(32, 'jkasdgjk', 'jkahskd', 'jkasjdh', 'kjsahdk', '2', '', '', '', 'Draft'),
(33, 'akdshkl', 'kahsdkjh', 'kahsdkh', 'kjahsdjkh', '1', '', '', '', 'Draft'),
(34, 'aksdhk', 'jkashd', 'kjashdkjh', 'jkashd', '1', '', '', '', 'Draft'),
(35, 'hjsadg', 'sadg', 'jasgdh', 'hjashgd', '2', '', '', '', 'Draft'),
(36, 'jkasgdkjg', 'jaksd', 'jkasgd', 'ajkshdk', '2', '', '', '', 'Draft'),
(37, 'masdhgjk', 'kashdk', 'ksahdkj', 'kashdkjh', '1', '', '', '', 'Draft'),
(38, 'kjashdk', 'kjasdhk', 'jkahskdh', 'jkasjdk', '2', '', '', '', 'Draft'),
(39, 'kashkd', 'kahsdhjk', 'jkajksdhk', 'jahsjkd', '2', '', '', '', 'Draft'),
(40, 'jkashd', 'jkasjkdh', 'jksjakd', 'jjkashd', '2', '', '', '', 'Draft'),
(41, 'jkasjkd', 'kjsahdk', 'jkahskdh', 'jkashdk', '2', '', '', '', 'Draft'),
(42, 'hasg', 'kjsahkjd', 'klhakshd', 'jkasjkdh', '1', '', '', '', 'Draft'),
(43, 'kjash', 'kjashkdhj', 'jkashkdh', 'jkahskdh', '2', '', '', '', 'Draft'),
(44, 'gfdgfd', 'dffd', 'ddf', 'hghf', '1', '', '', '', 'Draft'),
(45, 'vcxvx', 'nbasndv', 'nbasvndv', 'nasbvdn', '2', '', '', '', 'Draft'),
(46, 'asdgj', 'asgjdg', 'jhagsjdg', 'jhagjsdg', '2', '', '', '', 'Draft'),
(47, 'jksahdk', 'kjasjkdh', 'jkskjadhk', 'jkjaksdhk', '2', '', '', '', 'Draft'),
(48, 'sagd', 'jagsjgd', 'jagshd', 'hjasgd', '2', '', '', '', 'Draft'),
(49, 'sjagd', 'jhasg', 'jasgjd', 'jhagsd', '2', '', '', '', 'Draft'),
(50, 'sagdj', 'jhagsd', 'jhagsjd', 'jhgasjgd', '2', '', '', '', 'Draft'),
(51, 'jkasjdkh', 'jkashjdkh', 'kjahsjdkh', 'jkashd', '1', '', '', '', 'Draft'),
(52, 'kjhh', 'hkj', 'hkh', 'kjh', '1', '', '', '', 'Draft'),
(53, 'bbb', 'b', 'b', 'bb', '1', '', '', '', 'Live'),
(54, 'kh', 'kjhk', 'h', 'jkh', '1', '', '', '', 'Live'),
(55, 'nn', 'n', 'n', 'nn', '2', '', '', '', 'Draft'),
(56, 'm', 'm', 'mm', 'm', '1', '', '', '', 'Live'),
(57, 'hjsagh', 'jhasgd', 'kjgasgd', 'jaksd', '2', '', '', '', 'Draft'),
(58, 'asdgj', 'hjasd', 'hjasdhg', 'hjsad', '2', '', '', '', 'Draft'),
(59, 'ajsdhk', 'jkashd', 'jhashjkdh', 'jashdk', '2', '', '', '', 'Draft'),
(60, 'jkashd', 'kjasjhd', 'jkashd', 'kjashd', '2', '', '', '', 'Draft'),
(61, 'asdh', 'jhags', 'jhasgdj', 'hjagsjdg', '2', '', '', '', 'Draft'),
(62, 'hashgd', 'hagshgd', 'hjasgd', 'hjagsjd', '2', '', '', '', 'Draft'),
(63, 'hjashgd', 'jhasgd', 'jhgjasd', 'hgajsd', '2', '', '', '', 'Draft'),
(64, 'ajsdg', 'hjagsjd', 'jhasgjgd', 'hjasgdj', '2', '', '', '', 'Draft'),
(65, 'sjadg', 'hjgsdg', 'ghjgasd', 'jgjhs', '2', '', '', '', 'Draft'),
(66, 'hjsg', 'hjasgd', 'hjsadg', 'hjasgd', '2', '', '', '', 'Draft'),
(67, 'hgh', 'hf', 'hgfg', 'fhgf', '1', '', '', '', 'Draft'),
(68, 'hjasjgd', 'jhasgd', 'jhsagdj', 'jhasgdj', '2', '', '', '', 'Draft'),
(69, 'jhagsjd', 'jhgasjdg', 'hjasgd', 'hjsadhg', '2', '', '', '', 'Draft'),
(70, 'hjasgjd', 'jhsgd', 'ghjsagdj', 'sjadg', '1', '', '', '', 'Draft'),
(71, 'hjasd', 'hagshd', 'hjsahgd', 'gjagsd', '1', '', '', '', 'Draft'),
(72, 'jhsagd', 'jhasgdj', 'jhgasdj', 'hjsagdhj', '1', '', '', '', 'Draft'),
(73, 'hjsahgd', 'hjgasjd', 'jhgjsadg', 'hjghsjagd', '1', '', '', '', 'Draft'),
(74, 'hasgdj', 'jgsajd', 'jgasdgh', 'jgajsgd', '1', '', '', '', 'Draft'),
(75, 'hjsadgj', 'jhasgjd', 'hjgasd', 'gjhsadgj', '2', '', '', '', 'Draft'),
(76, 'hjasjd', 'jhasghd', 'jhasdg', 'jgasjdg', '2', '', '', '', 'Draft'),
(77, 'hjsadh', 'hjasghd', 'hjasghdg', 'hjagshd', '2', '', '', '', 'Draft'),
(78, 'masjgd', 'jkhasjkd', 'kjahskd', 'jkashkd', '2', '', '', '', 'Draft'),
(79, 'asdhg', 'ajsdg', 'jhasgd', 'jasgjd', '2', '', '', '', 'Draft'),
(80, 'jas', 'jkasd', 'jkasdh', 'kjshad', '2', '', '', '', 'Draft'),
(81, 'hjsajg', 'jhasgd', 'jhsgad', 'hgasfdh', '2', '', '', '', 'Draft'),
(82, 'hjasgjd', 'jhasdg', 'jgasjd', 'jhsagjd', '2', '', '', '', 'Draft'),
(83, 'jasdg', 'jhasgd', 'hjasdg', 'jhasd', '2', '', '', '', 'Draft'),
(84, 'jkasdh', 'jashd', 'kjashd', 'kjasd', '2', '', '', '', 'Draft'),
(85, 'sad', 'jhasgd', 'hjsadjh', 'hjasgd', '1', '', '', '', 'Draft'),
(86, 'sjadjg', 'hjasd', 'jhhsgad', 'jhgajsdg', '2', '', '', '', 'Draft'),
(87, 'hjas', 'jhasgd', 'jhasgd', 'hjahgsd', '2', '', '', '', 'Draft'),
(88, 'asd', 'jasgd', 'jhgsadghj', 'jasgd', '2', '', '', '', 'Draft'),
(89, 'jsadgja', 'hjasgd', 'jhagsd', 'jhsgad', '2', '', '', '', 'Draft'),
(90, 'sajdg', 'jhasgd', 'jhhgasd', 'jhgjasd', '2', '', '', '', 'Live'),
(91, 'asd', 'jasgd', 'hjagsjd', 'hjgahsd', '2', '', '', '', 'Draft'),
(92, 'asdg', 'jhasgdh', 'jhsd', 'jhhgsad', '2', '', '', '', 'Draft'),
(93, 'ajskd', 'kjasjd', 'jkahsd', 'jgajksd', '2', '', '', '', 'Draft'),
(94, 'jasdk', 'kjasdkgh', 'jksakhgd', 'kjsagdk', '2', '', '', '', 'Draft'),
(95, 'asjdsa', 'hjsg', 'shasgd', 'hsafd', '1', '', '', '', 'Draft'),
(96, 'aksjdh', 'kjsgdkf', 'jkhsakdfgh', 'hjkshdgkfh', '2', '', '', '', 'Draft'),
(97, 'ajsd', 'sjadgjh', 'ajsdgj', 'jhgsjd', '2', '', '', '', 'Draft');

-- --------------------------------------------------------

--
-- Table structure for table `up_message`
--

CREATE TABLE IF NOT EXISTS `up_message` (
`id` int(11) NOT NULL,
  `title` varchar(255) COLLATE utf8_unicode_ci NOT NULL,
  `from_user` int(11) NOT NULL,
  `to_user` int(11) NOT NULL,
  `published_date` varchar(255) COLLATE utf8_unicode_ci NOT NULL,
  `message` text COLLATE utf8_unicode_ci NOT NULL,
  `ent_date` int(11) NOT NULL,
  `upd_date` int(11) DEFAULT NULL,
  `slug` varchar(255) COLLATE utf8_unicode_ci NOT NULL,
  `status` enum('0','1') COLLATE utf8_unicode_ci NOT NULL DEFAULT '0'
) ENGINE=InnoDB  DEFAULT CHARSET=utf8 COLLATE=utf8_unicode_ci AUTO_INCREMENT=2 ;

--
-- Dumping data for table `up_message`
--

INSERT INTO `up_message` (`id`, `title`, `from_user`, `to_user`, `published_date`, `message`, `ent_date`, `upd_date`, `slug`, `status`) VALUES
(1, 'sachit', 2, 1, '1990-01-01', 'hey sachit whats up', 1413676800, NULL, 'sachit', '1');

-- --------------------------------------------------------

--
-- Table structure for table `up_messages`
--

CREATE TABLE IF NOT EXISTS `up_messages` (
`id` int(11) NOT NULL,
  `program_id` int(11) NOT NULL,
  `project_id` int(11) NOT NULL,
  `activity_id` int(11) NOT NULL,
  `assignment_id` int(11) NOT NULL,
  `assignedby_id` int(11) NOT NULL,
  `assignedto_id` int(11) NOT NULL,
  `message` varchar(255) NOT NULL,
  `ent_date` date NOT NULL,
  `upd_date` date DEFAULT NULL,
  `status` enum('draft','live') NOT NULL
) ENGINE=InnoDB  DEFAULT CHARSET=latin1 AUTO_INCREMENT=3 ;

--
-- Dumping data for table `up_messages`
--

INSERT INTO `up_messages` (`id`, `program_id`, `project_id`, `activity_id`, `assignment_id`, `assignedby_id`, `assignedto_id`, `message`, `ent_date`, `upd_date`, `status`) VALUES
(2, 1, 1, 1, 2, 1, 1, 'hey boy', '2014-10-21', '2014-10-21', 'live');

-- --------------------------------------------------------

--
-- Table structure for table `up_message_comment`
--

CREATE TABLE IF NOT EXISTS `up_message_comment` (
  `msg_id` int(11) NOT NULL,
`id` int(11) NOT NULL,
  `reply_user_id` int(11) NOT NULL,
  `comment` text COLLATE utf32_unicode_ci NOT NULL,
  `published_date` varchar(255) COLLATE utf32_unicode_ci NOT NULL,
  `slug` varchar(255) COLLATE utf32_unicode_ci NOT NULL,
  `status` enum('0','1') COLLATE utf32_unicode_ci NOT NULL DEFAULT '0',
  `ent_date` int(11) NOT NULL,
  `upd_date` int(11) DEFAULT NULL
) ENGINE=InnoDB  DEFAULT CHARSET=utf32 COLLATE=utf32_unicode_ci AUTO_INCREMENT=2 ;

--
-- Dumping data for table `up_message_comment`
--

INSERT INTO `up_message_comment` (`msg_id`, `id`, `reply_user_id`, `comment`, `published_date`, `slug`, `status`, `ent_date`, `upd_date`) VALUES
(1, 1, 2, 'I am fine harry and wbtu', '', '', '0', 1413676800, NULL);

-- --------------------------------------------------------

--
-- Table structure for table `up_modules`
--

CREATE TABLE IF NOT EXISTS `up_modules` (
`id` int(11) NOT NULL,
  `title` varchar(255) NOT NULL,
  `slug` varchar(255) NOT NULL,
  `ent_date` date NOT NULL,
  `upd_date` date DEFAULT NULL
) ENGINE=InnoDB  DEFAULT CHARSET=latin1 AUTO_INCREMENT=17 ;

--
-- Dumping data for table `up_modules`
--

INSERT INTO `up_modules` (`id`, `title`, `slug`, `ent_date`, `upd_date`) VALUES
(1, 'Banner', 'banner', '2014-02-28', NULL),
(2, 'Modules', 'modules', '2014-02-28', NULL),
(3, 'Navigation', 'navigation', '2014-02-28', NULL),
(4, 'Pages', 'pages', '2014-02-28', NULL),
(5, 'Groups', 'groups', '2014-02-28', NULL),
(6, 'Permissions', 'permissions', '2014-02-28', NULL),
(7, 'Settings', 'settings', '2014-02-28', NULL),
(8, 'Users', 'users', '2014-04-04', NULL),
(13, 'sample', 'sample', '2016-01-27', NULL),
(14, 'sample_attachment', 'sample_attachment', '2016-01-27', NULL),
(15, 'Dynamic', 'dynamic', '2016-03-29', NULL),
(16, 'Kharid_bibaran', 'kharid_bibaran', '2016-03-31', NULL);

-- --------------------------------------------------------

--
-- Table structure for table `up_navigation`
--

CREATE TABLE IF NOT EXISTS `up_navigation` (
`id` int(11) NOT NULL,
  `group_id` int(11) NOT NULL,
  `title` varchar(255) NOT NULL,
  `slug` varchar(255) NOT NULL,
  `parent_id` int(11) NOT NULL,
  `navtype` varchar(255) NOT NULL,
  `module_id` int(11) DEFAULT NULL,
  `page_id` int(11) DEFAULT NULL,
  `site_uri` varchar(255) DEFAULT NULL,
  `link_url` text,
  `position` varchar(255) DEFAULT NULL,
  `status` enum('draft','live') NOT NULL DEFAULT 'draft'
) ENGINE=InnoDB  DEFAULT CHARSET=latin1 AUTO_INCREMENT=7 ;

--
-- Dumping data for table `up_navigation`
--

INSERT INTO `up_navigation` (`id`, `group_id`, `title`, `slug`, `parent_id`, `navtype`, `module_id`, `page_id`, `site_uri`, `link_url`, `position`, `status`) VALUES
(1, 1, 'Home', 'home', 0, 'Page', 0, 1, 'NULL', 'NULL', '2', 'live'),
(2, 1, 'About Us', 'about-us', 0, 'Page', 0, 22, '', 'NULL', '3', 'live'),
(3, 1, 'Contact Us', 'contact-us', 0, 'Page', 0, 23, '', 'NULL', '1', 'live'),
(4, 2, 'Home', 'home', 0, 'Page', 0, 1, '', 'NULL', '2', 'live'),
(5, 2, 'About Us', 'about-us', 0, 'Page', 0, 2, '', 'NULL', '3', 'live'),
(6, 2, 'Contact Us', 'contact-us', 0, 'Page', 0, 3, '', 'NULL', '1', 'live');

-- --------------------------------------------------------

--
-- Table structure for table `up_navigation_group`
--

CREATE TABLE IF NOT EXISTS `up_navigation_group` (
`id` int(11) NOT NULL,
  `title` varchar(255) NOT NULL,
  `slug` varchar(255) NOT NULL
) ENGINE=InnoDB  DEFAULT CHARSET=latin1 AUTO_INCREMENT=6 ;

--
-- Dumping data for table `up_navigation_group`
--

INSERT INTO `up_navigation_group` (`id`, `title`, `slug`) VALUES
(1, 'Header', 'header'),
(2, 'Footer', 'footer'),
(3, 'Sidebar', 'sidebar'),
(5, 'test', 'test');

-- --------------------------------------------------------

--
-- Table structure for table `up_pages`
--

CREATE TABLE IF NOT EXISTS `up_pages` (
`id` int(11) NOT NULL,
  `title` varchar(255) NOT NULL,
  `slug` varchar(255) NOT NULL,
  `description` text NOT NULL,
  `search_keys` varchar(240) NOT NULL,
  `meta_description` varchar(240) NOT NULL,
  `option` enum('yes','no') DEFAULT NULL,
  `attachment` varchar(255) DEFAULT NULL,
  `ent_date` date NOT NULL,
  `upd_date` date DEFAULT NULL,
  `status` enum('draft','live') NOT NULL DEFAULT 'draft'
) ENGINE=InnoDB  DEFAULT CHARSET=latin1 AUTO_INCREMENT=24 ;

--
-- Dumping data for table `up_pages`
--

INSERT INTO `up_pages` (`id`, `title`, `slug`, `description`, `search_keys`, `meta_description`, `option`, `attachment`, `ent_date`, `upd_date`, `status`) VALUES
(1, 'Home', 'home', '', '', '', NULL, NULL, '2014-02-28', NULL, 'live'),
(22, 'About Us', 'about-us', '<p>Upveda Technology Pvt. Ltd was established in December 2010 as a software firm based in Nepal with an aim to provide software development services to multifarious organizations. Upveda Technology aims to foster customized software solutions to our clients by understanding the real time problems and thus providing our clients with high end software solutions. We emphasize on creating an ambiance where our customers&rsquo; values are well understood and are transformed to user friendly solutions..</p>', 'about  us', '<p>team</p>', 'yes', '22.gif', '2015-12-15', '2016-01-27', 'live'),
(23, 'Contact Us', 'contact-us', '<address>\r\n<p>01-4264609</p>\r\n<p><br />House Number: 163,<br />&nbsp;&nbsp;&nbsp;&nbsp;&nbsp;&nbsp;&nbsp; <br />Pragati Marg-2, Anamnagar <br />&nbsp;&nbsp;&nbsp;&nbsp;&nbsp;&nbsp;&nbsp; <br />Kathmandu, Nepal<br />info@upvedatech.com</p>\r\n</address>', 'contact us', '<p>team</p>', 'no', '23.png', '2015-12-15', '2016-01-28', 'live');

-- --------------------------------------------------------

--
-- Table structure for table `up_pagesold`
--

CREATE TABLE IF NOT EXISTS `up_pagesold` (
`id` int(11) NOT NULL,
  `title` varchar(255) NOT NULL,
  `slug` varchar(255) NOT NULL,
  `description` text NOT NULL,
  `ent_date` date NOT NULL,
  `upd_date` date DEFAULT NULL,
  `status` enum('draft','live') NOT NULL DEFAULT 'draft'
) ENGINE=InnoDB  DEFAULT CHARSET=latin1 AUTO_INCREMENT=5 ;

--
-- Dumping data for table `up_pagesold`
--

INSERT INTO `up_pagesold` (`id`, `title`, `slug`, `description`, `ent_date`, `upd_date`, `status`) VALUES
(1, 'Home', 'home', '', '2014-02-28', NULL, 'live'),
(2, 'About Us', 'about-us', '<h3>About Us</h3>\n<p>\nUpveda Technology Pvt. Ltd was established in December 2010 as a software firm with an aim to provide software development services to variety of organizations including Government institutions and Small and Medium Sized Enterprises. Upveda Technology aims to foster customized software solutions to cater to the clients&#39; unique and real time needs. Upveda technology Pvt. Ltd emphasizes on creating a competitive ambience to its customers through its niche software solutions. Since its inception Upveda Technology Pvt. Ltd has believed in creating value to its customers through conceptualization consulting and software development services for real time problems.&nbsp;\n</p>\n', '2014-03-03', '2014-04-08', 'live'),
(3, 'Contact Us', 'contact-us', '<h3>Contact Us</h3>', '2014-04-07', '2014-04-08', 'live'),
(4, 'test', 'test', 'This is test\r\n', '2014-10-16', '2014-10-16', 'draft');

-- --------------------------------------------------------

--
-- Table structure for table `up_permissions`
--

CREATE TABLE IF NOT EXISTS `up_permissions` (
`id` int(11) NOT NULL,
  `group_id` int(11) NOT NULL,
  `roles` text NOT NULL
) ENGINE=InnoDB  DEFAULT CHARSET=latin1 AUTO_INCREMENT=4 ;

--
-- Dumping data for table `up_permissions`
--

INSERT INTO `up_permissions` (`id`, `group_id`, `roles`) VALUES
(1, 2, 'a:4:{i:1;s:9:"1v1e1d1a1";i:3;s:3:"3e3";i:4;s:7:"4v4d4a4";i:13;s:11:"13v13e13a13";}'),
(2, 1, 'a:0:{}'),
(3, 2, 'a:4:{i:1;s:9:"1v1e1d1a1";i:3;s:3:"3e3";i:4;s:7:"4v4d4a4";i:13;s:11:"13v13e13a13";}');

-- --------------------------------------------------------

--
-- Table structure for table `up_sample`
--

CREATE TABLE IF NOT EXISTS `up_sample` (
`id` int(100) NOT NULL,
  `title` varchar(250) COLLATE utf8_unicode_ci NOT NULL,
  `description` text COLLATE utf8_unicode_ci NOT NULL,
  `meta_description` varchar(250) COLLATE utf8_unicode_ci NOT NULL,
  `search_keys` varchar(250) COLLATE utf8_unicode_ci NOT NULL,
  `upd_date` date DEFAULT NULL,
  `ent_date` date NOT NULL,
  `slug` int(11) NOT NULL,
  `status` enum('draft','live') COLLATE utf8_unicode_ci NOT NULL
) ENGINE=InnoDB  DEFAULT CHARSET=utf8 COLLATE=utf8_unicode_ci AUTO_INCREMENT=4 ;

--
-- Dumping data for table `up_sample`
--

INSERT INTO `up_sample` (`id`, `title`, `description`, `meta_description`, `search_keys`, `upd_date`, `ent_date`, `slug`, `status`) VALUES
(1, 'test', '<p>test</p>', 'test', 'test', NULL, '0000-00-00', 0, 'live'),
(2, 'hello', '<p>hello</p>', 'hello', 'hello', NULL, '2016-03-14', 0, 'live'),
(3, 'hello1', '<p>hello</p>', 'hello', 'hello', '2016-03-14', '2016-03-14', 0, 'live');

-- --------------------------------------------------------

--
-- Table structure for table `up_sample_attachment`
--

CREATE TABLE IF NOT EXISTS `up_sample_attachment` (
`id` int(100) NOT NULL,
  `title` varchar(250) COLLATE utf8_unicode_ci NOT NULL,
  `description` text COLLATE utf8_unicode_ci NOT NULL,
  `meta_description` varchar(250) COLLATE utf8_unicode_ci NOT NULL,
  `search_keys` varchar(250) COLLATE utf8_unicode_ci NOT NULL,
  `upd_date` date DEFAULT NULL,
  `ent_date` date NOT NULL,
  `slug` int(11) NOT NULL,
  `status` enum('draft','live') COLLATE utf8_unicode_ci NOT NULL,
  `attachment` varchar(255) COLLATE utf8_unicode_ci DEFAULT NULL
) ENGINE=InnoDB  DEFAULT CHARSET=utf8 COLLATE=utf8_unicode_ci AUTO_INCREMENT=8 ;

--
-- Dumping data for table `up_sample_attachment`
--

INSERT INTO `up_sample_attachment` (`id`, `title`, `description`, `meta_description`, `search_keys`, `upd_date`, `ent_date`, `slug`, `status`, `attachment`) VALUES
(1, 'Upvedacms', '<div class="center wow fadeInDown animated">\r\n<p class="lead">Upveda Technology Pvt. Ltd has a rich history of working with the government, bilateral/ multilateral donors, non-governmental organizations, political actors and civil society organizations. Upveda Technology has highly technical professionals and support staff. We also maintain roster of software consultants and partner with multitude of organizations with expertise in various domains. We are dedicated to delivering added value to our customers by providing innovative, profit-delivering software as well as technical support and expertise to help our clients achieve their business goals.</p>\r\n</div>\r\n<div class="row">\r\n<div class="col-sm-3">\r <div class="sinlge-skill wow fadeInDown animated" data-wow-durati data-wow-delay="300ms">\r\n<div class="joomla-skill">\r\n<p>&nbsp;</p>\r\n</div>\r\n</div>\r\n</div>\r\n<div class="col-sm-3">&nbsp;</div>\r\n</div>', 'upvedacms', 'upvedacms', '2016-01-27', '2016-01-27', 0, 'live', '1.jpg'),
(2, 'technology', '<div class="center wow fadeInDown animated">\r\n<p class="lead">Upveda Technology Pvt. Ltd has a rich history of working with the government, bilateral/ multilateral donors, non-governmental organizations, political actors and civil society organizations. Upveda Technology has highly technical professionals and support staff. We also maintain roster of software consultants and partner with multitude of organizations with expertise in various domains. We are dedicated to delivering added value to our customers by providing innovative, profit-delivering software as well as technical support and expertise to help our clients achieve their business goals.</p>\r\n</div>\r\n<div class="row">&nbsp;</div>', 'technology', 'technology', NULL, '2016-01-27', 0, 'draft', '2.jpg'),
(3, 'hello', '<p>hello</p>', 'hello', 'hello', NULL, '2016-03-23', 0, 'live', NULL),
(4, 'hello', '<p>hello</p>', 'hello', 'hello', NULL, '2016-03-23', 0, 'live', NULL),
(5, 'hello', '<p>hello</p>', 'hello', 'hello', NULL, '2016-03-23', 0, 'live', NULL),
(6, 'hello', '<p>hello</p>', 'hello', 'hello', NULL, '2016-03-23', 0, 'live', NULL),
(7, 'test', '<p>test</p>', 'test', 'test', NULL, '2016-03-24', 0, 'live', NULL);

-- --------------------------------------------------------

--
-- Table structure for table `up_settings`
--

CREATE TABLE IF NOT EXISTS `up_settings` (
  `id` int(11) NOT NULL,
  `site_name` varchar(255) NOT NULL,
  `meta_topic` varchar(255) NOT NULL,
  `meta_data` varchar(255) NOT NULL,
  `contact_email` varchar(255) NOT NULL,
  `date_format` varchar(255) NOT NULL,
  `frontend_enabled` enum('open','closed') NOT NULL DEFAULT 'open',
  `unavailable_message` text NOT NULL,
  `favicon` varchar(255) NOT NULL,
  `logo` varchar(255) NOT NULL,
  `per_page` int(11) DEFAULT NULL
) ENGINE=InnoDB DEFAULT CHARSET=latin1;

--
-- Dumping data for table `up_settings`
--

INSERT INTO `up_settings` (`id`, `site_name`, `meta_topic`, `meta_data`, `contact_email`, `date_format`, `frontend_enabled`, `unavailable_message`, `favicon`, `logo`, `per_page`) VALUES
(1, 'UpvedaCMS', 'Upveda Technology Pvt. Ltd.', 'A company that provides web solutions.', 'sachit_karki@hotmail.com', 'F j, Y', 'open', 'Sorry, this website is currently unavailable. Please try again later. Thank You!', 'favicon.ico', 'logo.png', 10);

-- --------------------------------------------------------

--
-- Table structure for table `up_student`
--

CREATE TABLE IF NOT EXISTS `up_student` (
`id` int(11) NOT NULL,
  `name` varchar(255) NOT NULL,
  `slug` varchar(255) NOT NULL,
  `ent_date` int(11) NOT NULL,
  `upd_date` int(11) DEFAULT NULL,
  `status` enum('draft','live') NOT NULL
) ENGINE=InnoDB  DEFAULT CHARSET=latin1 AUTO_INCREMENT=7 ;

--
-- Dumping data for table `up_student`
--

INSERT INTO `up_student` (`id`, `name`, `slug`, `ent_date`, `upd_date`, `status`) VALUES
(1, 'Bibek Munikar1', 'bibek-munikar1', 2014, 2014, 'draft'),
(4, 'aashishbhandari', 'aashishbhandari', 2014, NULL, 'draft'),
(6, 'Pak Slovak and Business Forum', 'pak-slovak-and-business-forum', 2014, NULL, 'draft');

-- --------------------------------------------------------

--
-- Table structure for table `up_task`
--

CREATE TABLE IF NOT EXISTS `up_task` (
`id` int(100) NOT NULL,
  `title` varchar(250) COLLATE utf8_unicode_ci NOT NULL,
  `description` text COLLATE utf8_unicode_ci NOT NULL,
  `slug` varchar(250) COLLATE utf8_unicode_ci NOT NULL,
  `priority` int(250) NOT NULL,
  `ent_date` date NOT NULL,
  `upd_date` date NOT NULL
) ENGINE=InnoDB  DEFAULT CHARSET=utf8 COLLATE=utf8_unicode_ci AUTO_INCREMENT=4 ;

--
-- Dumping data for table `up_task`
--

INSERT INTO `up_task` (`id`, `title`, `description`, `slug`, `priority`, `ent_date`, `upd_date`) VALUES
(1, 'Test', 'This the Test of the module if it work or not', 'test', 5, '0000-00-00', '0000-00-00'),
(2, 'Check', 'This is the checking the task of the upvedacms', 'check', 3, '0000-00-00', '2015-02-01'),
(3, 'Success', 'This is used too  check the successs ', 'success', 1, '2014-02-01', '2015-02-03');

-- --------------------------------------------------------

--
-- Table structure for table `up_users`
--

CREATE TABLE IF NOT EXISTS `up_users` (
`id` bigint(20) unsigned NOT NULL,
  `email` varchar(100) COLLATE utf8_unicode_ci NOT NULL,
  `display_name` varchar(100) COLLATE utf8_unicode_ci NOT NULL,
  `username` varchar(20) COLLATE utf8_unicode_ci NOT NULL,
  `password` text COLLATE utf8_unicode_ci NOT NULL,
  `group_id` int(11) DEFAULT NULL,
  `activation_code` varchar(40) COLLATE utf8_unicode_ci DEFAULT NULL,
  `created_on` int(11) NOT NULL,
  `last_login` int(11) DEFAULT NULL
) ENGINE=InnoDB  DEFAULT CHARSET=utf8 COLLATE=utf8_unicode_ci COMMENT='Registered User Information' AUTO_INCREMENT=3 ;

--
-- Dumping data for table `up_users`
--

INSERT INTO `up_users` (`id`, `email`, `display_name`, `username`, `password`, `group_id`, `activation_code`, `created_on`, `last_login`) VALUES
(1, 'info@upvedatech.com', 'Upveda technology', 'admin', 'c2bc653ba87b56385b77c0fd8992545e09bf5b1985ae2d6e32be8de8c79bdd2a73dd16538f4a905aca9a5a61eb3eb70d3f62fc3a55284198d9de813273797e6b', 1, NULL, 1390966800, 1390966800),
(2, 'drpunkrocker@yahoo.com', 'Harry', 'user', '86b0c3e5f0fcfa7939794dadab22dbf1b5721458d2d370e2326be11b0b23612de4b45d2e175115e832477b501ca62c9c716b1a3433d8d40351914883b6abf8ad', 2, NULL, 1390966800, 1390966800);

-- --------------------------------------------------------

--
-- Table structure for table `up_users_groups`
--

CREATE TABLE IF NOT EXISTS `up_users_groups` (
`id` int(11) NOT NULL,
  `name` varchar(100) COLLATE utf8_unicode_ci NOT NULL
) ENGINE=InnoDB  DEFAULT CHARSET=utf8 COLLATE=utf8_unicode_ci AUTO_INCREMENT=3 ;

--
-- Dumping data for table `up_users_groups`
--

INSERT INTO `up_users_groups` (`id`, `name`) VALUES
(1, 'admin'),
(2, 'user');

-- --------------------------------------------------------

--
-- Table structure for table `up_users_profiles`
--

CREATE TABLE IF NOT EXISTS `up_users_profiles` (
`id` bigint(20) NOT NULL,
  `created` datetime DEFAULT NULL,
  `updated` datetime DEFAULT NULL,
  `created_by` int(11) DEFAULT NULL,
  `user_id` int(11) unsigned NOT NULL,
  `first_name` varchar(50) COLLATE utf8_unicode_ci NOT NULL,
  `last_name` varchar(50) COLLATE utf8_unicode_ci NOT NULL,
  `bio` text COLLATE utf8_unicode_ci,
  `dob` int(11) DEFAULT NULL,
  `gender` enum('m','f') COLLATE utf8_unicode_ci DEFAULT NULL,
  `phone` varchar(20) COLLATE utf8_unicode_ci DEFAULT NULL,
  `mobile` varchar(20) COLLATE utf8_unicode_ci DEFAULT NULL,
  `address` varchar(255) COLLATE utf8_unicode_ci DEFAULT NULL,
  `updated_on` int(11) unsigned DEFAULT NULL
) ENGINE=MyISAM  DEFAULT CHARSET=utf8 COLLATE=utf8_unicode_ci AUTO_INCREMENT=2 ;

--
-- Dumping data for table `up_users_profiles`
--

INSERT INTO `up_users_profiles` (`id`, `created`, `updated`, `created_by`, `user_id`, `first_name`, `last_name`, `bio`, `dob`, `gender`, `phone`, `mobile`, `address`, `updated_on`) VALUES
(1, NULL, NULL, NULL, 1, 'sachit', 'karki', NULL, NULL, NULL, NULL, NULL, NULL, NULL);

--
-- Indexes for dumped tables
--

--
-- Indexes for table `ci_sessions`
--
ALTER TABLE `ci_sessions`
 ADD PRIMARY KEY (`id`), ADD KEY `ci_sessions_timestamp` (`timestamp`);

--
-- Indexes for table `up_banner`
--
ALTER TABLE `up_banner`
 ADD PRIMARY KEY (`id`);

--
-- Indexes for table `up_dynamic`
--
ALTER TABLE `up_dynamic`
 ADD PRIMARY KEY (`id`);

--
-- Indexes for table `up_message`
--
ALTER TABLE `up_message`
 ADD PRIMARY KEY (`id`);

--
-- Indexes for table `up_messages`
--
ALTER TABLE `up_messages`
 ADD PRIMARY KEY (`id`);

--
-- Indexes for table `up_message_comment`
--
ALTER TABLE `up_message_comment`
 ADD PRIMARY KEY (`id`);

--
-- Indexes for table `up_modules`
--
ALTER TABLE `up_modules`
 ADD PRIMARY KEY (`id`), ADD UNIQUE KEY `title` (`title`);

--
-- Indexes for table `up_navigation`
--
ALTER TABLE `up_navigation`
 ADD PRIMARY KEY (`id`);

--
-- Indexes for table `up_navigation_group`
--
ALTER TABLE `up_navigation_group`
 ADD PRIMARY KEY (`id`);

--
-- Indexes for table `up_pages`
--
ALTER TABLE `up_pages`
 ADD PRIMARY KEY (`id`), ADD UNIQUE KEY `title` (`title`);

--
-- Indexes for table `up_pagesold`
--
ALTER TABLE `up_pagesold`
 ADD PRIMARY KEY (`id`), ADD UNIQUE KEY `title` (`title`);

--
-- Indexes for table `up_permissions`
--
ALTER TABLE `up_permissions`
 ADD PRIMARY KEY (`id`);

--
-- Indexes for table `up_sample`
--
ALTER TABLE `up_sample`
 ADD PRIMARY KEY (`id`);

--
-- Indexes for table `up_sample_attachment`
--
ALTER TABLE `up_sample_attachment`
 ADD PRIMARY KEY (`id`);

--
-- Indexes for table `up_student`
--
ALTER TABLE `up_student`
 ADD PRIMARY KEY (`id`);

--
-- Indexes for table `up_task`
--
ALTER TABLE `up_task`
 ADD PRIMARY KEY (`id`);

--
-- Indexes for table `up_users`
--
ALTER TABLE `up_users`
 ADD PRIMARY KEY (`id`), ADD UNIQUE KEY `email` (`email`), ADD UNIQUE KEY `username` (`username`);

--
-- Indexes for table `up_users_groups`
--
ALTER TABLE `up_users_groups`
 ADD PRIMARY KEY (`id`);

--
-- Indexes for table `up_users_profiles`
--
ALTER TABLE `up_users_profiles`
 ADD PRIMARY KEY (`id`);

--
-- AUTO_INCREMENT for dumped tables
--

--
-- AUTO_INCREMENT for table `up_banner`
--
ALTER TABLE `up_banner`
MODIFY `id` int(11) NOT NULL AUTO_INCREMENT,AUTO_INCREMENT=11;
--
-- AUTO_INCREMENT for table `up_dynamic`
--
ALTER TABLE `up_dynamic`
MODIFY `id` int(11) NOT NULL AUTO_INCREMENT,AUTO_INCREMENT=98;
--
-- AUTO_INCREMENT for table `up_message`
--
ALTER TABLE `up_message`
MODIFY `id` int(11) NOT NULL AUTO_INCREMENT,AUTO_INCREMENT=2;
--
-- AUTO_INCREMENT for table `up_messages`
--
ALTER TABLE `up_messages`
MODIFY `id` int(11) NOT NULL AUTO_INCREMENT,AUTO_INCREMENT=3;
--
-- AUTO_INCREMENT for table `up_message_comment`
--
ALTER TABLE `up_message_comment`
MODIFY `id` int(11) NOT NULL AUTO_INCREMENT,AUTO_INCREMENT=2;
--
-- AUTO_INCREMENT for table `up_modules`
--
ALTER TABLE `up_modules`
MODIFY `id` int(11) NOT NULL AUTO_INCREMENT,AUTO_INCREMENT=17;
--
-- AUTO_INCREMENT for table `up_navigation`
--
ALTER TABLE `up_navigation`
MODIFY `id` int(11) NOT NULL AUTO_INCREMENT,AUTO_INCREMENT=7;
--
-- AUTO_INCREMENT for table `up_navigation_group`
--
ALTER TABLE `up_navigation_group`
MODIFY `id` int(11) NOT NULL AUTO_INCREMENT,AUTO_INCREMENT=6;
--
-- AUTO_INCREMENT for table `up_pages`
--
ALTER TABLE `up_pages`
MODIFY `id` int(11) NOT NULL AUTO_INCREMENT,AUTO_INCREMENT=24;
--
-- AUTO_INCREMENT for table `up_pagesold`
--
ALTER TABLE `up_pagesold`
MODIFY `id` int(11) NOT NULL AUTO_INCREMENT,AUTO_INCREMENT=5;
--
-- AUTO_INCREMENT for table `up_permissions`
--
ALTER TABLE `up_permissions`
MODIFY `id` int(11) NOT NULL AUTO_INCREMENT,AUTO_INCREMENT=4;
--
-- AUTO_INCREMENT for table `up_sample`
--
ALTER TABLE `up_sample`
MODIFY `id` int(100) NOT NULL AUTO_INCREMENT,AUTO_INCREMENT=4;
--
-- AUTO_INCREMENT for table `up_sample_attachment`
--
ALTER TABLE `up_sample_attachment`
MODIFY `id` int(100) NOT NULL AUTO_INCREMENT,AUTO_INCREMENT=8;
--
-- AUTO_INCREMENT for table `up_student`
--
ALTER TABLE `up_student`
MODIFY `id` int(11) NOT NULL AUTO_INCREMENT,AUTO_INCREMENT=7;
--
-- AUTO_INCREMENT for table `up_task`
--
ALTER TABLE `up_task`
MODIFY `id` int(100) NOT NULL AUTO_INCREMENT,AUTO_INCREMENT=4;
--
-- AUTO_INCREMENT for table `up_users`
--
ALTER TABLE `up_users`
MODIFY `id` bigint(20) unsigned NOT NULL AUTO_INCREMENT,AUTO_INCREMENT=3;
--
-- AUTO_INCREMENT for table `up_users_groups`
--
ALTER TABLE `up_users_groups`
MODIFY `id` int(11) NOT NULL AUTO_INCREMENT,AUTO_INCREMENT=3;
--
-- AUTO_INCREMENT for table `up_users_profiles`
--
ALTER TABLE `up_users_profiles`
MODIFY `id` bigint(20) NOT NULL AUTO_INCREMENT,AUTO_INCREMENT=2;
/*!40101 SET CHARACTER_SET_CLIENT=@OLD_CHARACTER_SET_CLIENT */;
/*!40101 SET CHARACTER_SET_RESULTS=@OLD_CHARACTER_SET_RESULTS */;
/*!40101 SET COLLATION_CONNECTION=@OLD_COLLATION_CONNECTION */;
